map,decision_index_0based,source_iteration,coordinate,selected_next_point,next_recorded_coordinate,skeleton_vertices,asp_vertices,asp_length,closed_sights,open_sights,saw_goal,reach_goal,move_crosses_interior,asp_crosses_interior
_map_deadend.csv,0,1,"[0.0, 0.0]","[-0.7218395893, 19.9869694453]","[-0.7218395893, 19.9869694453]",2,2,20.000000000000917,8,6,False,False,False,False
_map_deadend.csv,1,2,"[-0.7218395893, 19.9869694453]","[19.2753779357, 19.6533660013]","[19.2753779357, 19.6533660013]",2,2,20.000000000000394,10,3,False,False,False,False
_map_deadend.csv,2,3,"[19.2753779357, 19.6533660013]","[26.158043373, 38.4317822412]","[26.158043373, 38.4317822412]",2,2,20.0000000000186,18,2,False,False,False,False
_map_deadend.csv,3,4,"[26.158043373, 38.4317822412]","[19.6355890808, -3.8004791077]","[19.6355890808, -3.8004791077]",5,25,58.17105094976221,12,1,False,False,True,False
_map_deadend.csv,4,5,"[19.6355890808, -3.8004791077]","[29.781401685, 13.4350216567]","[29.781401685, 13.4350216567]",2,2,19.999999999979416,12,3,False,False,False,False
_map_deadend.csv,5,6,"[29.781401685, 13.4350216567]","[-14.9676961384, 34.0246177948]","[-14.9676961384, 34.0246177948]",5,22,64.01835825959382,11,1,False,False,True,False
_map_deadend.csv,6,7,"[-14.9676961384, 34.0246177948]","[-4.7707320046, 51.2299054254]","[-4.7707320046, 51.2299054254]",2,2,19.99999999994202,6,7,False,False,False,False
_map_deadend.csv,7,8,"[-4.7707320046, 51.2299054254]","[9.7692350344, 64.9626895023]","[9.7692350344, 64.9626895023]",2,2,19.999999999949114,15,4,False,False,False,False
_map_deadend.csv,8,9,"[9.7692350344, 64.9626895023]","[29.2354894369, 60.3730337921]","[29.2354894369, 60.3730337921]",2,2,20.00000000002555,16,2,False,False,False,False
_map_deadend.csv,9,10,"[29.2354894369, 60.3730337921]","[40.5194607514, 43.8602511262]","[40.5194607514, 43.8602511262]",2,2,19.999999999942663,18,2,False,False,False,False
_map_deadend.csv,10,11,"[40.5194607514, 43.8602511262]","[14.6788758165, 46.5702106279]","[14.6788758165, 46.5702106279]",5,20,61.54642821175129,13,1,False,False,True,False
_map_deadend.csv,11,12,"[14.6788758165, 46.5702106279]","[4.9567089108, 35.7618809971]","[4.9567089108, 35.7618809971]",4,13,38.20178599268469,13,1,False,False,True,False
_map_deadend.csv,12,13,"[4.9567089108, 35.7618809971]","[-16.0449473377, 67.7493505923]","[-16.0449473377, 67.7493505923]",4,7,43.50347696141516,12,2,False,False,False,False
_map_deadend.csv,13,14,"[-16.0449473377, 67.7493505923]","[-3.6840694768, 83.4722224199]","[-3.6840694768, 83.4722224199]",2,2,19.999999999980638,1,6,False,False,False,False
_map_deadend.csv,14,15,"[-3.6840694768, 83.4722224199]","[5.8683616921, 101.0435359384]","[5.8683616921, 101.0435359384]",2,2,20.00000000004982,6,6,False,False,False,False
_map_deadend.csv,15,16,"[5.8683616921, 101.0435359384]","[25.5306448196, 104.7034023586]","[25.5306448196, 104.7034023586]",2,2,19.99999999999197,11,6,False,False,False,False
_map_deadend.csv,16,17,"[25.5306448196, 104.7034023586]","[41.6308801389, 116.56857925]","[41.6308801389, 116.56857925]",2,2,20.00000000002619,12,2,False,False,False,False
_map_deadend.csv,17,18,"[41.6308801389, 116.56857925]","[51.6664145093, 99.2686356114]","[51.6664145093, 99.2686356114]",2,2,19.999999999955406,1,6,False,False,False,False
_map_deadend.csv,18,19,"[51.6664145093, 99.2686356114]","[66.3902117687, 85.733134355]","[66.3902117687, 85.733134355]",2,2,19.99999999994802,9,4,False,False,False,False
_map_deadend.csv,19,20,"[66.3902117687, 85.733134355]","[70.0, 90.0]","[70.0, 90.0]",2,2,5.588981437374186,18,2,True,False,False,False
_map_deadend.csv,20,21,"[70.0, 90.0]","[70.0, 90.0]",null,2,2,0.0,15,2,True,True,False,False
_map_bugtrap.csv,0,1,"[0.0, 0.0]","[17.88854382, 8.94427191]","[17.88854382, 8.94427191]",2,2,20.00000000000188,0,6,False,False,False,False
_map_bugtrap.csv,1,2,"[17.88854382, 8.94427191]","[37.7726121504, 6.7939634132]","[37.7726121504, 6.7939634132]",2,2,19.999999999985665,2,6,False,False,False,False
_map_bugtrap.csv,2,3,"[37.7726121504, 6.7939634132]","[54.8882213862, -3.5528196854]","[54.8882213862, -3.5528196854]",2,2,20.000000000051923,3,6,False,False,False,False
_map_bugtrap.csv,3,4,"[54.8882213862, -3.5528196854]","[69.2119730273, 10.4053370312]","[69.2119730273, 10.4053370312]",2,2,20.00000000002702,9,6,False,False,False,False
_map_bugtrap.csv,4,5,"[69.2119730273, 10.4053370312]","[84.5638164387, 23.2241085742]","[84.5638164387, 23.2241085742]",2,2,19.9999999999943,14,3,False,False,False,False
_map_bugtrap.csv,5,6,"[84.5638164387, 23.2241085742]","[99.8218829669, 36.1543601502]","[99.8218829669, 36.1543601502]",2,2,19.999999999940695,16,2,False,False,False,False
_map_bugtrap.csv,6,7,"[99.8218829669, 36.1543601502]","[115.1563531052, 48.9939094249]","[115.1563531052, 48.9939094249]",2,2,19.999999999996586,16,2,False,False,False,False
_map_bugtrap.csv,7,8,"[115.1563531052, 48.9939094249]","[130.6438115979, 61.6484986888]","[130.6438115979, 61.6484986888]",2,2,20.000000000027963,17,2,False,False,False,False
_map_bugtrap.csv,8,9,"[130.6438115979, 61.6484986888]","[130.9894056149, 81.6455125853]","[130.9894056149, 81.6455125853]",2,2,20.00000000003501,22,2,False,False,False,False
_map_bugtrap.csv,9,10,"[130.9894056149, 81.6455125853]","[119.4553849275, 97.9846180315]","[119.4553849275, 97.9846180315]",2,2,19.99999999998534,22,2,False,False,False,False
_map_bugtrap.csv,10,11,"[119.4553849275, 97.9846180315]","[138.5622457906, 103.8945984002]","[138.5622457906, 103.8945984002]",2,2,20.00000000000704,18,2,False,False,False,False
_map_bugtrap.csv,11,12,"[138.5622457906, 103.8945984002]","[153.8682042331, 116.7681230208]","[153.8682042331, 116.7681230208]",2,2,20.00000000001828,24,2,False,False,False,False
_map_bugtrap.csv,12,13,"[153.8682042331, 116.7681230208]","[74.8138797609, -5.2756482706]","[74.8138797609, -5.2756482706]",11,78,167.6711613633241,28,1,False,False,True,False
_map_bugtrap.csv,13,14,"[74.8138797609, -5.2756482706]","[92.958175558, 3.1377059967]","[92.958175558, 3.1377059967]",2,2,19.999999999993896,2,6,False,False,False,False
_map_bugtrap.csv,14,15,"[92.958175558, 3.1377059967]","[112.9578507502, 3.0237226437]","[112.9578507502, 3.0237226437]",2,2,19.999999999956533,6,6,False,False,False,False
_map_bugtrap.csv,15,16,"[112.9578507502, 3.0237226437]","[131.6687982057, 10.0877473689]","[131.6687982057, 10.0877473689]",2,2,20.000000000017977,6,6,False,False,False,False
_map_bugtrap.csv,16,17,"[131.6687982057, 10.0877473689]","[146.869622402, 23.0852449648]","[146.869622402, 23.0852449648]",2,2,20.00000000005615,9,6,False,False,False,False
_map_bugtrap.csv,17,18,"[146.869622402, 23.0852449648]","[166.7663300236, 25.1152759549]","[166.7663300236, 25.1152759549]",2,2,20.00000000000505,8,2,False,False,False,False
_map_bugtrap.csv,18,19,"[166.7663300236, 25.1152759549]","[168.9305697075, 44.9978327973]","[168.9305697075, 44.9978327973]",2,2,20.000000000015866,6,6,False,False,False,False
_map_bugtrap.csv,19,20,"[168.9305697075, 44.9978327973]","[170.4881521122, 64.9370889783]","[170.4881521122, 64.9370889783]",2,2,19.99999999997444,10,6,False,False,False,False
_map_bugtrap.csv,20,21,"[170.4881521122, 64.9370889783]","[160.0, 80.0]","[160.0, 80.0]",2,2,18.354634923536253,8,6,True,False,False,False
_map_bugtrap.csv,21,22,"[160.0, 80.0]","[160.0, 80.0]",null,2,2,0.0,13,2,True,True,False,False
