case,radius,policy,status,success,executed_distance,audit_anchor_probes,revisits,exploration_distance,retreat_distance,goal_distance,astar_calls,expanded_nodes,returns,certified_returns,fallback_returns,planning_ms,sensing_ms,selection_ms,wall_ms,frames,response_bytes
lab23,5,baseline,goal_reached,True,139.321215,7,11,108.389091,27.44134,3.490784,45,90,11,11,0,1.086,474.25,90.668,683.415,159,415627
lab23,5,radar,goal_reached,True,78.576569,0,2,69.104584,7.604584,1.867401,19,39,1,1,0,0.307,189.622,87.001,329.806,63,164866
lab23,7,baseline,goal_reached,True,283.755362,,25,197.710533,83.032019,3.01281,76,156,24,24,0,2.265,1329.317,121.665,2177.061,280,810007
lab23,7,radar,goal_reached,True,139.928095,,3,111.320771,23.482779,5.124545,24,49,2,2,0,0.648,914.891,290.991,1460.634,80,246229
lab17,5,baseline,goal_reached,True,120.190728,,4,105.500805,12.110071,2.579852,35,70,4,4,0,1.6,914.081,197.26,1402.725,115,285389
lab17,5,radar,goal_reached,True,82.600494,,2,69.485449,12.020592,1.094453,19,40,1,1,0,0.722,567.321,286.924,985.858,63,164312
lab17,7,baseline,goal_reached,True,274.334201,,21,177.763309,92.575005,3.995888,60,128,19,19,0,2.833,2923.163,261.231,3738.598,224,682337
lab17,7,radar,goal_reached,True,100.627139,,0,97.259252,0,3.367886,19,38,0,0,0,0.31,251.207,76.926,393.666,59,172664
lab_complex,5,baseline,goal_reached,True,370.767344,,46,246.144949,121.549531,3.072864,124,260,42,42,0,6.883,3089.831,390.891,9430.846,466,1211600
lab_complex,5,radar,goal_reached,True,236.463271,,14,166.212363,66.274166,3.976742,47,111,4,4,0,1.644,1445.806,889.582,3373.51,171,441800
lab_complex,7,baseline,goal_reached,True,97.044199,,3,80.30965,10.116626,6.617923,22,44,3,3,0,0.574,960.261,88.538,1152.407,74,209317
lab_complex,7,radar,goal_reached,True,167.81589,,3,148.099569,14.661156,5.055165,31,64,1,1,0,1.179,1318.273,445.014,2308.258,101,290713
lab2026,5,baseline,goal_reached,True,158.585608,,10,123.267681,30.899391,4.418536,45,91,9,9,0,2.048,1668.364,326.852,2507.041,157,378989
lab2026,5,radar,goal_reached,True,91.583896,,2,85.133644,5.25596,1.194292,24,48,2,2,0,1.469,792.321,382.06,1426.26,78,197691
lab2026,7,baseline,goal_reached,True,177.7696,,8,146.687957,26.973464,4.10818,41,82,8,8,0,1.559,2167.766,248.496,2826.186,141,400214
lab2026,7,radar,goal_reached,True,77.364098,,0,73.824703,0,3.539395,14,28,0,0,0,0.459,719.815,243.935,1116.236,44,127290
indoor_apartment,5,baseline,goal_reached,True,189.246265,,12,142.27786,43.850201,3.118204,50,102,11,11,0,3.392,1061.869,199.025,1776.182,176,251606
indoor_apartment,5,radar,goal_reached,True,137.26791,,5,114.120492,20.029214,3.118204,35,72,4,4,0,1.527,647.958,485.035,1428.795,117,163731
indoor_apartment,7,baseline,goal_reached,True,248.373976,,14,175.310004,69.342648,3.721324,50,101,13,13,0,3.655,1113.696,197.789,1841.07,180,282077
indoor_apartment,7,radar,goal_reached,True,147.859311,,6,122.436367,21.701621,3.721324,30,64,4,4,0,1.125,675.018,455.599,1389.248,104,158576
indoor_office,5,baseline,goal_reached,True,181.356248,,11,143.111434,34.994736,3.250078,51,102,11,11,0,3.391,934.028,188.257,1705.312,177,249240
indoor_office,5,radar,goal_reached,True,122.017606,,2,111.732902,6.467136,3.817568,32,64,2,2,0,1.767,561.517,423.611,1269.279,102,134497
indoor_office,7,baseline,goal_reached,True,625.728556,,36,416.141143,205.535191,4.052222,117,234,36,36,0,16.837,2999.788,460.371,7926.26,425,635490
indoor_office,7,radar,goal_reached,True,238.537049,,3,225.609031,11.266486,1.661532,48,96,3,3,0,3.384,1057.452,876.218,2833.606,152,215905
indoor_challenge,5,baseline,goal_reached,True,129.956506,,6,107.791795,17.656489,4.508222,35,70,6,6,0,1.573,775.583,174.852,1331.0,119,169143
indoor_challenge,5,radar,goal_reached,True,94.643529,,0,90.135306,0,4.508222,23,46,0,0,0,1.016,498.311,432.894,1134.765,71,96212
indoor_challenge,7,baseline,goal_reached,True,137.892582,,3,121.456878,14.36213,2.073574,27,54,3,3,0,1.211,687.033,134.997,1009.745,89,132609
indoor_challenge,7,radar,goal_reached,True,109.168322,,0,107.094748,0,2.073574,21,42,0,0,0,0.987,489.701,339.951,1001.362,65,92527
heldout_41,5,baseline,goal_reached,True,201.960154,,22,139.471876,58.099061,4.389217,66,132,22,22,0,2.966,2151.978,305.924,3124.791,244,619493
heldout_41,5,radar,goal_reached,True,111.527241,,5,77.9,28.7,4.927241,22,48,2,2,0,0.565,765.473,441.898,1404.725,78,212696
heldout_41,7,baseline,goal_reached,True,281.694887,,20,191.88251,83.170186,6.642191,61,127,17,17,0,3.464,4056.304,405.248,5712.301,225,707864
heldout_41,7,radar,goal_reached,True,117.388675,,2,94.484459,19.246448,3.657768,20,40,2,2,0,0.857,1256.205,433.518,1951.373,66,214345
heldout_73,5,baseline,goal_reached,True,330.839764,,41,212.78507,115.036749,3.017945,105,218,38,38,0,6.893,4314.149,679.264,8322.587,398,1007564
heldout_73,5,radar,goal_reached,True,105.534368,,3,86.1,18.464708,0.96966,23,48,1,1,0,0.393,224.131,152.415,457.95,77,190836
heldout_73,7,baseline,goal_reached,True,284.38566,,21,182.437495,98.169443,3.778723,60,135,17,17,0,1.345,945.734,114.423,1390.472,224,626915
heldout_73,7,radar,goal_reached,True,126.891945,,4,100.702107,24.781581,1.408258,23,47,3,3,0,0.364,338.716,120.509,543.406,79,234082
heldout_911,5,baseline,goal_reached,True,247.593219,,27,176.344168,67.984216,3.264835,81,162,27,27,0,2.272,939.352,167.014,1526.419,299,773422
heldout_911,5,radar,goal_reached,True,78.596514,,1,69.7,4.1,4.796514,19,38,1,1,0,0.313,174.416,79.378,303.624,61,146893
heldout_911,7,baseline,goal_reached,True,97.655953,,3,82.535388,9.894457,5.226108,22,44,3,3,0,0.379,322.241,47.062,402.433,74,215690
heldout_911,7,radar,goal_reached,True,103.407569,,2,89.41603,10.992645,2.998893,18,37,1,1,0,0.287,244.331,72.127,378.38,60,172916
