case,radius,variant,status,success,executed_distance,astar_calls,expanded_nodes,returns,equivalent_to_full,eligible_snapshots,full_reconstructions,incremental_updates,frontier_calls,score_calls,score_cache_hits,mean_eligible_candidates,frontier_total_ms,frontier_mean_ms,frontier_p95_ms,update_total_ms,update_mean_ms,update_p95_ms,ranking_ms,wall_ms,wall_mask_wkb_bytes
lab23,5,full,goal_reached,True,78.576569,19,39,1,True,20,17,0,17,367,219,4.842,167.395,9.847,18.997,0,0,0.0,236.769,457.548,9
lab23,5,cached,goal_reached,True,78.576569,19,39,1,True,20,0,19,17,367,219,4.842,14.634,0.861,1.45,23.912,1.259,2.316,84.961,337.244,44208
lab23,7,full,goal_reached,True,139.928095,24,49,2,True,30,21,0,21,351,219,3.375,438.132,20.863,36.686,0,0,0.0,537.435,964.467,9
lab23,7,cached,goal_reached,True,139.928095,24,49,2,True,30,0,23,21,351,219,3.375,30.417,1.448,2.535,42.02,1.827,2.356,128.872,607.46,59211
lab17,5,full,goal_reached,True,82.600494,19,40,1,True,21,17,0,17,408,241,5.158,400.766,23.574,86.238,0,0,0.0,562.85,998.53,9
lab17,5,cached,goal_reached,True,82.600494,19,40,1,True,21,0,19,17,408,241,5.158,37.368,2.198,7.369,70.931,3.733,17.437,293.503,1085.141,42800
lab17,7,full,goal_reached,True,100.627139,19,38,0,True,18,18,0,18,265,166,3.947,645.799,35.878,97.414,0,0,0.0,809.925,1590.501,9
lab17,7,cached,goal_reached,True,100.627139,19,38,0,True,18,0,20,18,265,166,3.947,42.963,2.387,6.376,68.699,3.435,5.524,207.361,1095.997,52775
lab_complex,5,full,goal_reached,True,236.463271,47,111,4,True,68,42,0,42,1021,597,3.787,2797.288,66.602,171.525,0,0,0.0,3598.695,6030.952,9
lab_complex,5,cached,goal_reached,True,236.463271,47,111,4,True,68,0,44,42,1021,597,3.787,169.536,4.037,7.881,171.906,3.907,7.978,1066.788,4002.165,84709
lab_complex,7,full,goal_reached,True,167.81589,31,64,1,True,33,29,0,29,415,273,3.71,6866.954,236.792,614.042,0,0,0.0,7217.496,8855.364,9
lab_complex,7,cached,goal_reached,True,167.81589,31,64,1,True,33,0,31,29,415,273,3.71,141.26,4.871,15.584,166.136,5.359,12.303,466.144,2352.941,83918
lab2026,5,full,goal_reached,True,91.583896,24,48,2,True,26,21,0,21,478,291,5.125,734.001,34.952,85.098,0,0,0.0,1078.361,2043.699,9
lab2026,5,cached,goal_reached,True,91.583896,24,48,2,True,26,0,23,21,478,291,5.125,49.104,2.338,4.755,67.736,2.945,5.523,350.174,1248.246,49313
lab2026,7,full,goal_reached,True,77.364098,14,28,0,True,13,13,0,13,212,135,4.429,348.912,26.839,53.627,0,0,0.0,482.541,1072.937,9
lab2026,7,cached,goal_reached,True,77.364098,14,28,0,True,13,0,15,13,212,135,4.429,27.489,2.115,4.17,73.983,4.932,18.682,186.103,857.341,50196
indoor_apartment,5,full,goal_reached,True,137.26791,35,72,4,True,40,30,0,30,264,56,5.2,262.707,8.757,25.969,0,0,0.0,698.85,1692.834,9
indoor_apartment,5,cached,goal_reached,True,137.26791,35,72,4,True,40,0,32,30,264,56,5.2,44.341,1.478,3.843,37.558,1.174,2.276,407.664,1393.989,32758
indoor_apartment,7,full,goal_reached,True,147.859311,30,64,4,True,41,25,0,25,308,87,4.567,240.288,9.612,19.441,0,0,0.0,559.317,1141.482,9
indoor_apartment,7,cached,goal_reached,True,147.859311,30,64,4,True,41,0,27,25,308,87,4.567,27.943,1.118,1.631,28.709,1.063,2.269,362.366,1012.322,32044
indoor_office,5,full,goal_reached,True,122.017606,32,64,2,True,33,29,0,29,249,38,6,151.854,5.236,11.097,0,0,0.0,442.942,1013.056,9
indoor_office,5,cached,goal_reached,True,122.017606,32,64,2,True,33,0,31,29,249,38,6,28.296,0.976,1.919,22.674,0.731,1.436,266.174,751.281,39165
indoor_office,7,full,goal_reached,True,238.537049,48,96,3,True,50,44,0,44,340,59,5.083,632.532,14.376,27.054,0,0,0.0,1044.778,2082.648,9
indoor_office,7,cached,goal_reached,True,238.537049,48,96,3,True,50,0,46,44,340,59,5.083,78.736,1.789,3.525,70.934,1.542,3.863,593.501,1937.259,54441
indoor_challenge,5,full,goal_reached,True,94.643529,23,46,0,True,22,22,0,22,215,22,7,168.056,7.639,18.998,0,0,0.0,500.782,1050.063,9
indoor_challenge,5,cached,goal_reached,True,94.643529,23,46,0,True,22,0,24,22,215,22,7,25.576,1.163,1.874,28.326,1.18,4.011,308.32,814.176,32972
indoor_challenge,7,full,goal_reached,True,109.168322,21,42,0,True,20,20,0,20,153,20,5.762,186.514,9.326,16.989,0,0,0.0,441.398,914.77,9
indoor_challenge,7,cached,goal_reached,True,109.168322,21,42,0,True,20,0,22,20,153,20,5.762,31.857,1.593,3.91,35.096,1.595,3.28,238.496,692.084,34665
heldout_41,5,full,goal_reached,True,111.527241,22,48,2,True,28,19,0,19,662,389,6.045,872.657,45.929,125.555,0,0,0.0,1579.078,3015.526,9
heldout_41,5,cached,goal_reached,True,111.527241,22,48,2,True,28,0,21,19,662,389,6.045,97.19,5.115,17.097,119.841,5.707,13.238,970.816,3134.82,54096
heldout_41,7,full,goal_reached,True,117.388675,20,40,2,True,24,17,0,17,372,232,4.45,1230.656,72.392,175.207,0,0,0.0,1719.719,3730.266,9
heldout_41,7,cached,goal_reached,True,117.388675,20,40,2,True,24,0,19,17,372,232,4.45,67.475,3.969,11.04,140.894,7.415,14.173,494.353,2570.267,57914
heldout_73,5,full,goal_reached,True,105.534368,23,48,1,True,28,21,0,21,557,313,5.043,921.25,43.869,122.888,0,0,0.0,1570.966,2902.503,9
heldout_73,5,cached,goal_reached,True,105.534368,23,48,1,True,28,0,23,21,557,313,5.043,173.016,8.239,22.672,262.008,11.392,29.508,1852.713,5671.517,46033
heldout_73,7,full,goal_reached,True,126.891945,23,47,3,True,30,19,0,19,373,230,3.565,2979.029,156.791,392.401,0,0,0.0,4324.047,9144.497,9
heldout_73,7,cached,goal_reached,True,126.891945,23,47,3,True,30,0,21,19,373,230,3.565,169.697,8.931,27.586,222.848,10.612,17.651,1276.54,5911.745,53159
heldout_911,5,full,goal_reached,True,78.596514,19,38,1,True,19,17,0,17,348,211,4.842,1582.716,93.101,203.041,0,0,0.0,2426.435,4802.782,9
heldout_911,5,cached,goal_reached,True,78.596514,19,38,1,True,19,0,19,17,348,211,4.842,116.35,6.844,49.163,195.333,10.281,26.56,639.687,2634.701,42077
heldout_911,7,full,goal_reached,True,103.407569,18,37,1,True,19,16,0,16,284,181,4.222,4255.858,265.991,2756.603,0,0,0.0,4756.644,7304.837,9
heldout_911,7,cached,goal_reached,True,103.407569,18,37,1,True,19,0,18,16,284,181,4.222,79.409,4.963,11.68,169.963,9.442,23.698,767.117,3857.176,42503
