pair_id,stratum,start,goal,offline_cost_m,algorithm,found,cost_m,path_nodes,expanded_nodes,generated_nodes,unique_discovered,examined_edges,relaxed_edges,batch_calls,repeated_batches,median_search_us,min_search_us,max_search_us
0,short,2657,2195,1075.3307910943922,astar,1,1075.3307910943922,15,27,44,42,60,43,20,7,12.819999999999999,11.709999999999999,12.99
0,short,2657,2195,1075.3307910943922,dijkstra,1,1075.3307910943922,15,143,181,167,336,180,20,7,34.439999999999998,30.914999999999999,37.935000000000002
1,short,1056,1067,181.58947191578761,astar,1,181.58947191578761,8,8,15,15,20,14,20,7,4.5700000000000003,4.5149999999999997,5.5899999999999999
1,short,1056,1067,181.58947191578761,dijkstra,1,181.58947191578761,8,29,52,40,96,51,20,7,8.7850000000000001,8.004999999999999,9.504999999999999
2,short,2201,1586,1719.1100262121993,astar,1,1719.1100262121993,33,101,149,132,256,148,20,7,42.924999999999997,40.260000000000005,74.875
2,short,2201,1586,1719.1100262121993,dijkstra,1,1719.1100262121993,33,503,597,534,1209,596,20,7,124.90000000000001,109.095,137.27500000000001
3,short,2153,1111,1726.2060261868276,astar,1,1726.2060261868276,21,50,68,64,113,67,20,7,19.699999999999999,19.375,20.399999999999999
3,short,2153,1111,1726.2060261868276,dijkstra,1,1726.2060261868276,21,219,259,235,515,258,20,7,45.549999999999997,44.480000000000004,50.744999999999997
4,short,2683,1389,2036.417040480894,astar,1,2036.417040480894,33,219,307,278,583,306,20,7,93.844999999999999,82.129999999999995,103.83
4,short,2683,1389,2036.417040480894,dijkstra,1,2036.417040480894,33,1551,1775,1618,3907,1774,20,7,586.49000000000001,572.53999999999996,699.07500000000005
5,short,2279,1895,1167.7852940022383,astar,1,1167.7852940022383,25,140,189,173,373,188,20,7,54.445000000000007,49.555,98.325000000000003
5,short,2279,1895,1167.7852940022383,dijkstra,1,1167.7852940022383,25,623,738,677,1590,737,20,7,189.845,168.24000000000001,250.49000000000001
6,short,1480,1402,853.29260351459402,astar,1,853.29260351459402,14,34,50,48,89,49,20,7,13.715,13.415000000000001,14.76
6,short,1480,1402,853.29260351459402,dijkstra,1,853.29260351459402,14,277,354,317,739,353,20,7,61.945000000000007,59.095000000000006,86.844999999999999
7,short,775,1999,1287.9338204417186,astar,1,1287.9338204417186,22,133,181,158,382,180,20,7,52.479999999999997,45.93,53.439999999999998
7,short,775,1999,1287.9338204417186,dijkstra,1,1287.9338204417186,22,620,725,678,1551,724,20,7,175.20499999999998,159.31,192.67000000000002
8,short,1687,374,1822.0288604354164,astar,1,1822.0288604354164,24,185,216,207,416,215,20,7,60.145000000000003,56.420000000000002,67.935000000000002
8,short,1687,374,1822.0288604354164,dijkstra,1,1822.0288604354164,24,578,644,613,1344,643,20,7,141.405,123.705,151.48499999999999
9,short,2228,2391,1640.2624398583289,astar,1,1640.2624398583289,29,255,341,294,687,340,20,7,100.59999999999999,88.575000000000003,118.575
9,short,2228,2391,1640.2624398583289,dijkstra,1,1640.2624398583289,29,712,832,749,1858,831,20,7,218.54499999999999,183.97,285.29499999999996
10,short,2708,1453,1689.3276111100427,astar,1,1689.3276111100427,31,242,302,269,640,301,20,7,91.340000000000003,79.405000000000001,95.335000000000008
10,short,2708,1453,1689.3276111100427,dijkstra,1,1689.3276111100427,31,872,1039,966,2169,1038,20,7,299.31999999999999,283.00999999999999,320.44999999999999
11,short,384,1703,1420.7290039296499,astar,1,1420.7290039296499,32,87,105,100,188,104,20,7,26.875,26.385000000000002,34.420000000000002
11,short,384,1703,1420.7290039296499,dijkstra,1,1420.7290039296499,32,180,196,191,371,195,20,7,34.600000000000001,32.68,36.5
12,short,1676,2522,1802.5022690589319,astar,1,1802.5022690589319,28,163,224,207,428,223,20,7,63.554999999999993,58.335000000000001,78.329999999999998
12,short,1676,2522,1802.5022690589319,dijkstra,1,1802.5022690589319,28,685,776,729,1620,775,20,7,190.47499999999999,167.27000000000001,286.65999999999997
13,short,816,121,1437.5411841350583,astar,1,1437.5411841350583,21,97,137,128,258,136,20,7,38.57,36.25,40.350000000000001
13,short,816,121,1437.5411841350583,dijkstra,1,1437.5411841350583,21,631,752,682,1566,751,20,7,181.83499999999998,157.09,192.29000000000002
14,short,2666,2205,2054.2399094863626,astar,1,2054.2399094863626,31,163,225,202,411,224,20,7,64.960000000000008,57.529999999999994,70.045000000000002
14,short,2666,2205,2054.2399094863626,dijkstra,1,2054.2399094863626,31,1226,1436,1298,3137,1435,20,7,455.19999999999999,444.79499999999996,463.26499999999999
15,short,2219,73,729.8502927126126,astar,1,729.8502927126126,15,99,126,116,255,125,20,7,31.25,31.014999999999997,35.594999999999999
15,short,2219,73,729.8502927126126,dijkstra,1,729.8502927126126,15,247,291,269,607,290,20,7,50.305,49.305,55.635000000000005
16,short,1364,2171,1406.6448552812299,astar,1,1406.6448552812299,29,247,312,281,657,311,20,7,95.185000000000002,83.070000000000007,96.670000000000002
16,short,1364,2171,1406.6448552812299,dijkstra,1,1406.6448552812299,29,665,782,697,1709,781,20,7,187.94,161.125,197.5
17,short,157,308,446.695908687714,astar,1,446.695908687714,6,7,15,15,19,14,20,7,4.3399999999999999,4.2350000000000003,6.4650000000000007
17,short,157,308,446.695908687714,dijkstra,1,446.695908687714,6,34,51,46,93,50,20,7,8.2750000000000004,8.1500000000000004,12.665000000000001
18,short,1459,840,1991.7311961429541,astar,1,1991.7311961429541,46,281,343,320,683,342,20,7,105.845,93.085000000000008,114.41
18,short,1459,840,1991.7311961429541,dijkstra,1,1991.7311961429541,46,1367,1566,1433,3436,1565,20,7,488.70500000000004,480.28999999999996,493.60000000000002
19,short,1593,2742,715.38550891672423,astar,1,715.38550891672423,20,27,36,36,51,35,20,7,10.26,10.24,10.675000000000001
19,short,1593,2742,715.38550891672423,dijkstra,1,715.38550891672423,20,68,91,89,145,90,20,7,16.365000000000002,16.195,17
20,short,2198,2279,1491.0874775487548,astar,1,1491.0874775487548,24,110,163,143,298,162,20,7,44.114999999999995,40.225000000000001,45.105000000000004
20,short,2198,2279,1491.0874775487548,dijkstra,1,1491.0874775487548,24,440,514,467,1140,513,20,7,96.745000000000005,85.390000000000001,103.51500000000001
21,short,1659,2863,1724.2889835416258,astar,1,1724.2889835416258,26,64,99,90,181,98,20,7,28.239999999999998,26.460000000000001,31.100000000000001
21,short,1659,2863,1724.2889835416258,dijkstra,1,1724.2889835416258,26,684,766,729,1629,765,20,7,198.30000000000001,196.06,238.40000000000001
22,short,252,622,1782.1039761731129,astar,1,1782.1039761731129,39,164,214,191,441,213,20,7,61.424999999999997,54.345000000000006,74.659999999999997
22,short,252,622,1782.1039761731129,dijkstra,1,1782.1039761731129,39,882,1039,944,2178,1038,20,7,294.59000000000003,277.77499999999998,303.80500000000001
23,short,2652,2381,1644.3924561832378,astar,1,1644.3924561832378,30,305,393,342,810,392,20,7,118.995,109.25999999999999,126.425
23,short,2652,2381,1644.3924561832378,dijkstra,1,1644.3924561832378,30,783,917,821,2021,916,20,7,247.75999999999999,223.16999999999999,330.45999999999998
24,short,623,1501,1101.6958097815159,astar,1,1101.6958097815159,15,34,54,52,82,53,20,7,14.949999999999999,13.815000000000001,17.41
24,short,623,1501,1101.6958097815159,dijkstra,1,1101.6958097815159,15,256,325,305,642,324,20,7,58.825000000000003,56.140000000000001,95.469999999999999
25,short,2368,1818,792.38545777206548,astar,1,792.38545777206548,15,34,51,49,91,50,20,7,13.15,12.890000000000001,13.559999999999999
25,short,2368,1818,792.38545777206548,dijkstra,1,792.38545777206548,15,159,206,192,397,205,20,7,34.695,34.310000000000002,37.480000000000004
26,short,1823,2510,1643.4077968758377,astar,1,1643.4077968758377,30,97,141,133,223,140,20,7,48.049999999999997,36.649999999999999,53.229999999999997
26,short,1823,2510,1643.4077968758377,dijkstra,1,1643.4077968758377,30,413,472,449,953,471,20,7,115.755,85.390000000000001,124.13
27,short,1999,100,2009.7188493572226,astar,1,2009.7188493572226,28,123,172,159,328,171,20,7,50.875,46.410000000000004,65.135000000000005
27,short,1999,100,2009.7188493572226,dijkstra,1,2009.7188493572226,28,1363,1559,1450,3298,1558,20,7,540.98000000000002,495.11000000000001,713.81000000000006
28,short,1859,962,143.1497079521526,astar,1,143.1497079521526,8,8,11,11,10,10,20,7,3.1899999999999999,3.165,3.2549999999999999
28,short,1859,962,143.1497079521526,dijkstra,1,143.1497079521526,8,10,14,14,13,13,20,7,2.8100000000000001,2.79,2.9199999999999999
29,short,2120,1871,1799.0941145348802,astar,1,1799.0941145348802,35,200,278,234,565,277,20,7,78.189999999999998,68.710000000000008,108.35499999999999
29,short,2120,1871,1799.0941145348802,dijkstra,1,1799.0941145348802,35,826,954,856,2101,953,20,7,254.5,240.99499999999998,287.69
30,short,2759,2078,1528.2470648692283,astar,1,1528.2470648692283,35,63,94,92,171,93,20,7,26.895,24.669999999999998,37.005000000000003
30,short,2759,2078,1528.2470648692283,dijkstra,1,1528.2470648692283,35,884,1038,958,2182,1037,20,7,294.86500000000001,274.69,349.90500000000003
31,short,1615,677,1313.1847020729342,astar,1,1313.1847020729342,18,58,76,70,153,75,20,7,25.315000000000001,19.375,33.914999999999999
31,short,1615,677,1313.1847020729342,dijkstra,1,1313.1847020729342,18,489,588,541,1196,587,20,7,130.80500000000001,102.60499999999999,184.30500000000001
32,short,2949,1719,1420.0125069370361,astar,1,1420.0125069370361,29,101,128,119,221,127,20,7,55.145000000000003,48.829999999999998,59.020000000000003
32,short,2949,1719,1420.0125069370361,dijkstra,1,1420.0125069370361,29,176,194,190,365,193,20,7,57.109999999999999,46.200000000000003,65.575000000000003
33,short,1022,8,867.51894298504465,astar,1,867.51894298504465,13,84,125,105,260,124,20,7,32.664999999999999,29.785000000000004,74.840000000000003
33,short,1022,8,867.51894298504465,dijkstra,1,867.51894298504465,13,392,486,437,1034,485,20,7,102.75999999999999,81.265000000000001,133.76500000000001
34,short,920,23,623.90824083617144,astar,1,623.90824083617144,13,18,34,32,53,33,20,7,11.66,8.9450000000000003,15.66
34,short,920,23,623.90824083617144,dijkstra,1,623.90824083617144,13,96,124,116,250,123,20,7,26.310000000000002,19.719999999999999,70.969999999999999
35,short,1429,634,746.58703766984411,astar,1,746.58703766984411,21,119,165,148,349,164,20,7,45.780000000000001,41.060000000000002,65.969999999999999
35,short,1429,634,746.58703766984411,dijkstra,1,746.58703766984411,21,318,395,341,865,394,20,7,78.245000000000005,64.35499999999999,165.655
36,short,1588,429,1090.8614732272615,astar,1,1090.8614732272615,21,46,68,67,112,67,20,7,29.669999999999998,21.41,32.954999999999998
36,short,1588,429,1090.8614732272615,dijkstra,1,1090.8614732272615,21,254,295,284,627,294,20,7,91.200000000000003,81.984999999999999,97.060000000000002
37,short,430,2525,1624.4227160742164,astar,1,1624.4227160742164,14,74,110,101,189,109,20,7,46.844999999999999,26.905000000000001,48.114999999999995
37,short,430,2525,1624.4227160742164,dijkstra,1,1624.4227160742164,14,868,993,924,2152,992,20,7,422.68000000000001,267.74000000000001,555.35500000000002
38,short,877,934,1981.7795878353461,astar,1,1981.7795878353461,37,158,182,173,334,181,20,7,51.214999999999996,46.960000000000001,110.345
38,short,877,934,1981.7795878353461,dijkstra,1,1981.7795878353461,37,338,386,373,742,385,20,7,73.754999999999995,65.625,116.95999999999999
39,short,864,2454,909.72763553240952,astar,1,909.72763553240952,14,45,61,56,104,60,20,7,15.694999999999999,14.824999999999999,25.134999999999998
39,short,864,2454,909.72763553240952,dijkstra,1,909.72763553240952,14,120,160,151,278,159,20,7,28.969999999999999,26.57,45.560000000000002
40,short,117,538,1148.1974187033638,astar,1,1148.1974187033638,9,38,55,54,83,54,20,7,23.449999999999999,14.41,24.169999999999998
40,short,117,538,1148.1974187033638,dijkstra,1,1148.1974187033638,9,329,392,362,856,391,20,7,119.27000000000001,70.840000000000003,127.18499999999999
41,short,676,1889,897.96259748587556,astar,1,897.96259748587556,8,35,51,49,87,50,20,7,13.91,12.805000000000001,22.555
41,short,676,1889,897.96259748587556,dijkstra,1,897.96259748587556,8,241,289,272,590,288,20,7,60.620000000000005,51.589999999999996,96.435000000000002
42,short,1987,247,1837.9267957885493,astar,1,1837.9267957885493,19,343,413,382,805,412,20,7,186.26500000000001,152.78,200.67500000000001
42,short,1987,247,1837.9267957885493,dijkstra,1,1837.9267957885493,19,1021,1159,1070,2506,1158,20,7,509.38500000000005,336.68000000000001,538.81000000000006
43,short,1428,1727,1326.1817239272705,astar,1,1326.1817239272705,27,84,106,101,172,105,20,7,42.344999999999999,28.350000000000001,45.450000000000003
43,short,1428,1727,1326.1817239272705,dijkstra,1,1326.1817239272705,27,162,187,182,340,186,20,7,37.135000000000005,30.055,67.265000000000001
44,short,2400,2317,1429.2843049681387,astar,1,1429.2843049681387,34,216,285,241,595,284,20,7,82.859999999999999,73.700000000000003,92.689999999999998
44,short,2400,2317,1429.2843049681387,dijkstra,1,1429.2843049681387,34,803,954,869,2066,953,20,7,257.54499999999996,234.69499999999999,273.04000000000002
45,short,2367,1988,2063.7044951417447,astar,1,2063.7044951417447,42,156,218,209,384,217,20,7,64.079999999999998,57.245000000000005,67.879999999999995
45,short,2367,1988,2063.7044951417447,dijkstra,1,2063.7044951417447,42,1450,1637,1500,3637,1636,20,7,547.31499999999994,529.83000000000004,605.08500000000004
46,short,2454,2448,740.99510943114558,astar,1,740.99510943114558,21,102,139,128,268,138,20,7,37.755000000000003,36.140000000000001,43.454999999999998
46,short,2454,2448,740.99510943114558,dijkstra,1,740.99510943114558,21,279,341,315,691,340,20,7,61.564999999999998,58.629999999999995,77.204999999999998
47,short,2554,41,941.8931946288543,astar,1,941.8931946288543,11,34,45,43,83,44,20,7,11.445,11.234999999999999,12.055
47,short,2554,41,941.8931946288543,dijkstra,1,941.8931946288543,11,221,272,253,516,271,20,7,44.414999999999999,43.475000000000001,49.130000000000003
48,short,2170,1386,243.88228044633686,astar,1,243.88228044633686,5,6,14,14,17,13,20,7,4.1450000000000005,4.1150000000000002,4.1749999999999998
48,short,2170,1386,243.88228044633686,dijkstra,1,243.88228044633686,5,66,97,89,194,96,20,7,15.205000000000002,15.094999999999999,16.550000000000001
49,short,1148,2023,1948.7465461318607,astar,1,1948.7465461318607,41,143,203,171,408,202,20,7,57.739999999999995,51.464999999999996,69.22999999999999
49,short,1148,2023,1948.7465461318607,dijkstra,1,1948.7465461318607,41,1535,1749,1597,3871,1748,20,7,568.65499999999997,547.68500000000006,596.78999999999996
50,short,264,997,1180.3330032133722,astar,1,1180.3330032133722,18,77,105,96,178,104,20,7,27.48,25.899999999999999,29.705000000000002
50,short,264,997,1180.3330032133722,dijkstra,1,1180.3330032133722,18,413,480,446,983,479,20,7,90.265000000000001,81.950000000000003,104.33
51,short,1658,2094,1680.5276999128564,astar,1,1680.5276999128564,30,109,170,156,321,169,20,7,47.114999999999995,42.399999999999999,50.859999999999999
51,short,1658,2094,1680.5276999128564,dijkstra,1,1680.5276999128564,30,675,759,721,1611,758,20,7,178.98499999999999,168.84999999999999,197.935
52,short,1264,986,1285.1645235027643,astar,1,1285.1645235027643,19,85,129,121,226,128,20,7,33.914999999999999,31.514999999999997,40.089999999999996
52,short,1264,986,1285.1645235027643,dijkstra,1,1285.1645235027643,19,659,792,724,1686,791,20,7,203.67500000000001,174.82999999999998,272.25999999999999
53,short,2564,23,2041.5071464993043,astar,1,2041.5071464993043,39,230,293,273,550,292,20,7,89.344999999999999,79.079999999999998,113.55
53,short,2564,23,2041.5071464993043,dijkstra,1,2041.5071464993043,39,1541,1758,1608,3863,1757,20,7,566.505,556.10000000000002,626.71499999999992
54,short,1905,2170,1747.0760676460502,astar,1,1747.0760676460502,33,155,212,203,377,211,20,7,61.554999999999993,55.454999999999998,109.62
54,short,1905,2170,1747.0760676460502,dijkstra,1,1747.0760676460502,33,1186,1377,1284,2955,1376,20,7,442.08500000000004,425.03000000000003,550.76999999999998
55,short,2431,1873,1391.237663171743,astar,1,1391.237663171743,39,244,303,275,608,302,20,7,94.810000000000002,80.349999999999994,108.63
55,short,2431,1873,1391.237663171743,dijkstra,1,1391.237663171743,39,755,878,816,1895,877,20,7,229.565,214.65000000000001,248.13000000000002
56,short,2419,2052,1111.4955929555376,astar,1,1111.4955929555376,25,173,223,199,445,222,20,7,60.299999999999997,55.095000000000006,60.935000000000002
56,short,2419,2052,1111.4955929555376,dijkstra,1,1111.4955929555376,25,507,605,562,1262,604,20,7,125.36500000000001,108.8,134.17000000000002
57,short,2895,985,1433.6476403935824,astar,1,1433.6476403935824,39,154,203,182,439,202,20,7,57.529999999999994,52.510000000000005,60.549999999999997
57,short,2895,985,1433.6476403935824,dijkstra,1,1433.6476403935824,39,656,779,725,1644,778,20,7,186.54500000000002,170.405,197.38499999999999
58,short,1371,2129,1803.3856057056221,astar,1,1803.3856057056221,28,369,458,410,994,457,20,7,148.595,128.16,199.095
58,short,1371,2129,1803.3856057056221,dijkstra,1,1803.3856057056221,28,873,1000,903,2206,999,20,7,265.245,245.17500000000001,298.36500000000001
59,short,21,217,419.79161866948789,astar,1,419.79161866948789,10,21,30,28,49,29,20,7,7.7450000000000001,7.6650000000000009,9.370000000000001
59,short,21,217,419.79161866948789,dijkstra,1,419.79161866948789,10,79,108,99,221,107,20,7,16.494999999999997,16.425000000000001,18.605
60,medium,1889,569,2807.4233970282717,astar,1,2807.4233970282717,35,86,130,119,227,129,10,7,38.519999999999996,32.359999999999999,56.270000000000003
60,medium,1889,569,2807.4233970282717,dijkstra,1,2807.4233970282717,35,1632,1875,1734,3966,1874,10,7,633.31999999999994,630.63999999999999,782.47000000000003
61,medium,1888,946,3216.0127136455862,astar,1,3216.0127136455862,57,223,294,269,586,293,10,7,116.32000000000001,82.25,166.45999999999998
61,medium,1888,946,3216.0127136455862,dijkstra,1,3216.0127136455862,57,2417,2688,2474,5820,2687,10,7,1035.3799999999999,948.5,1218.3099999999999
62,medium,2778,2731,2840.6895680732109,astar,1,2840.6895680732109,39,168,248,229,412,247,10,7,77.590000000000003,63.089999999999996,86.150000000000006
62,medium,2778,2731,2840.6895680732109,dijkstra,1,2840.6895680732109,39,1734,1949,1791,4301,1948,10,7,686.71000000000004,615.14999999999998,757.83999999999992
63,medium,2165,1911,2365.4846387639877,astar,1,2365.4846387639877,49,372,502,437,992,501,10,7,179.99000000000001,156.12,188.62
63,medium,2165,1911,2365.4846387639877,dijkstra,1,2365.4846387639877,49,1425,1602,1473,3576,1601,10,7,515.47000000000003,484.5,564.91000000000008
64,medium,874,1959,3080.4928459327425,astar,1,3080.4928459327425,56,423,565,509,1087,564,10,7,210.13000000000002,176.81999999999999,228.91
64,medium,874,1959,3080.4928459327425,dijkstra,1,3080.4928459327425,56,2414,2686,2471,5876,2685,10,7,980.35000000000002,935.82000000000005,1023.5700000000001
65,medium,1594,2570,2126.3874960802987,astar,1,2126.3874960802987,42,148,191,181,363,190,10,7,61,50.239999999999995,65.349999999999994
65,medium,1594,2570,2126.3874960802987,dijkstra,1,2126.3874960802987,42,996,1163,1052,2457,1162,10,7,349.36000000000001,319.75,387.00999999999999
66,medium,60,1599,2181.2427909036201,astar,1,2181.2427909036201,34,266,353,317,673,352,10,7,115.47,96.299999999999997,119.72
66,medium,60,1599,2181.2427909036201,dijkstra,1,2181.2427909036201,34,1546,1767,1619,3889,1766,10,7,583.81000000000006,566.06000000000006,623.88
67,medium,1755,2087,2624.7419314034933,astar,1,2624.7419314034933,47,198,265,250,470,264,10,7,99.5,69.439999999999998,135.89000000000001
67,medium,1755,2087,2624.7419314034933,dijkstra,1,2624.7419314034933,47,1606,1838,1675,4031,1837,10,7,708.08999999999992,578.58999999999992,891.64999999999998
68,medium,2760,2056,2644.9548789746786,astar,1,2644.9548789746786,54,278,361,333,733,360,10,7,161.47999999999999,102.92999999999999,196.72
68,medium,2760,2056,2644.9548789746786,dijkstra,1,2644.9548789746786,54,2096,2366,2183,5081,2365,10,7,1156.73,878.22000000000003,1199.26
69,medium,2111,1411,2819.1061094489928,astar,1,2819.1061094489928,44,216,321,283,569,320,10,7,111.42,89.099999999999994,164.31999999999999
69,medium,2111,1411,2819.1061094489928,dijkstra,1,2819.1061094489928,44,2027,2287,2077,5002,2286,10,7,962.71000000000004,786.46000000000004,1181.75
70,medium,2328,1505,2755.2005021380705,astar,1,2755.2005021380705,44,581,723,619,1555,722,10,7,428.64999999999998,310.23000000000002,453.03999999999996
70,medium,2328,1505,2755.2005021380705,dijkstra,1,2755.2005021380705,44,1463,1643,1509,3680,1642,10,7,677.83000000000004,504.10000000000002,795.24000000000001
71,medium,349,486,3258.9736537013564,astar,1,3258.9736537013564,61,258,313,301,576,312,10,7,158.66,139.09,405.93000000000001
71,medium,349,486,3258.9736537013564,dijkstra,1,3258.9736537013564,61,898,997,941,2080,996,10,7,431.06999999999999,390.95999999999998,1291.95
72,medium,2603,574,2191.5664166897468,astar,1,2191.5664166897468,32,229,278,269,545,277,10,7,204.77000000000001,183.35999999999999,267.81999999999999
72,medium,2603,574,2191.5664166897468,dijkstra,1,2191.5664166897468,32,681,771,719,1616,770,10,7,511.25,483.03000000000003,1283.8700000000001
73,medium,2365,1631,2575.7353177125233,astar,1,2575.7353177125233,36,455,593,510,1162,592,10,7,455.83999999999997,444.89999999999998,513.10000000000002
73,medium,2365,1631,2575.7353177125233,dijkstra,1,2575.7353177125233,36,1787,2017,1846,4432,2016,10,7,1626.8200000000002,1285.03,1691.2
74,medium,966,1520,3138.4165572547145,astar,1,3138.4165572547145,52,480,632,548,1234,631,10,7,550.91999999999996,476.11000000000001,938.67999999999995
74,medium,966,1520,3138.4165572547145,dijkstra,1,3138.4165572547145,52,2121,2374,2176,5258,2373,10,7,1829.6200000000001,1557.5999999999999,2529.8900000000003
75,medium,1566,1235,2176.8033515685988,astar,1,2176.8033515685988,37,291,364,331,715,363,10,7,281.56,208.74000000000001,555.79999999999995
75,medium,1566,1235,2176.8033515685988,dijkstra,1,2176.8033515685988,37,1258,1430,1326,3025,1429,10,7,1125.1900000000001,948.5,1140.72
76,medium,505,550,2895.3076765522478,astar,1,2895.3076765522478,34,146,205,185,369,204,10,7,207.39000000000001,117.22999999999999,1044.45
76,medium,505,550,2895.3076765522478,dijkstra,1,2895.3076765522478,34,2036,2300,2086,5021,2299,10,7,3087.1300000000001,1940.8599999999999,7605.1199999999999
77,medium,2353,1990,2782.3849710348391,astar,1,2782.3849710348391,53,489,654,582,1283,653,10,7,652,539.91999999999996,864.60000000000002
77,medium,2353,1990,2782.3849710348391,dijkstra,1,2782.3849710348391,53,1697,1894,1744,4209,1893,10,7,1215.8399999999999,1205.4400000000001,2028.5900000000001
78,medium,715,2979,3164.1065960524343,astar,1,3164.1065960524343,50,216,309,297,548,308,10,7,229.01999999999998,219.19,302.95999999999998
78,medium,715,2979,3164.1065960524343,dijkstra,1,3164.1065960524343,50,2199,2472,2281,5259,2471,10,7,1942.3700000000001,1676.8900000000001,2703
79,medium,2081,2848,2700.9987956006753,astar,1,2700.9987956006753,53,366,462,423,860,461,10,7,412.56000000000006,339.75999999999999,526.38
79,medium,2081,2848,2700.9987956006753,dijkstra,1,2700.9987956006753,53,1168,1297,1196,2835,1296,10,7,1013.9799999999999,867.61000000000001,1671.78
80,medium,2505,1815,2892.5086495561391,astar,1,2892.5086495561391,51,302,363,335,715,362,10,7,305.53000000000003,246.36999999999998,348.64999999999998
80,medium,2505,1815,2892.5086495561391,dijkstra,1,2892.5086495561391,51,1078,1208,1124,2624,1207,10,7,859.37999999999988,765.38999999999999,2231.9200000000001
81,medium,771,2072,2184.3679644657914,astar,1,2184.3679644657914,29,267,373,328,695,372,10,7,286.13999999999999,247.86999999999998,490.16999999999996
81,medium,771,2072,2184.3679644657914,dijkstra,1,2184.3679644657914,29,1700,1951,1787,4200,1950,10,7,1547.96,1434.3899999999999,2179.98
82,medium,1064,2143,3116.7287370119188,astar,1,3116.7287370119188,37,439,561,484,1154,560,10,7,561.83999999999992,462.88,865.32000000000005
82,medium,1064,2143,3116.7287370119188,dijkstra,1,3116.7287370119188,37,2779,3072,2802,6739,3071,10,7,2712.77,2228.0500000000002,3417.0699999999997
83,medium,2099,2448,3033.3950462730168,astar,1,3033.3950462730168,40,371,480,443,909,479,10,7,524.00999999999999,430.71999999999997,1227.53
83,medium,2099,2448,3033.3950462730168,dijkstra,1,3033.3950462730168,40,1643,1904,1717,4095,1903,10,7,1764.95,1508.0899999999999,3954.2699999999995
84,medium,450,1240,2740.4512199768915,astar,1,2740.4512199768915,47,419,520,470,1058,519,10,7,606.76999999999998,394.01999999999998,906.79999999999995
84,medium,450,1240,2740.4512199768915,dijkstra,1,2740.4512199768915,47,1565,1771,1628,3785,1770,10,7,1657,1208.03,2738.6700000000001
85,medium,2838,988,2162.838296440606,astar,1,2162.838296440606,55,269,333,305,721,332,10,7,245.34,213,272.14999999999998
85,medium,2838,988,2162.838296440606,dijkstra,1,2162.838296440606,55,1546,1809,1657,3881,1808,10,7,1238.6700000000001,1100.25,1314.7
86,medium,1952,1563,3233.4774743437192,astar,1,3233.4774743437192,58,244,297,283,536,296,10,7,179.64000000000001,167.75,217.50999999999999
86,medium,1952,1563,3233.4774743437192,dijkstra,1,3233.4774743437192,58,553,600,574,1233,599,10,7,290.88999999999999,266.81999999999999,325.88
87,medium,1629,244,2276.3522093908932,astar,1,2276.3522093908932,30,202,275,251,518,274,10,7,172.5,152.44999999999999,182.60999999999999
87,medium,1629,244,2276.3522093908932,dijkstra,1,2276.3522093908932,30,1346,1553,1425,3282,1552,10,7,923.82000000000005,848.12999999999988,948.2299999999999
88,medium,1887,2885,2090.2409968787624,astar,1,2090.2409968787624,32,300,371,344,690,370,10,7,244.88000000000002,216.5,267.56
88,medium,1887,2885,2090.2409968787624,dijkstra,1,2090.2409968787624,32,961,1120,1036,2365,1119,10,7,644.91999999999996,609.91999999999996,725.18000000000006
89,medium,2639,1183,2788.6480353934248,astar,1,2788.6480353934248,58,483,571,515,1153,570,10,7,432.60000000000002,402.15999999999997,559.88
89,medium,2639,1183,2788.6480353934248,dijkstra,1,2788.6480353934248,58,1029,1152,1062,2470,1151,10,7,698.02999999999997,564.16999999999996,837.36000000000001
90,medium,2111,2445,2262.0832511210692,astar,1,2262.0832511210692,33,188,267,247,472,266,10,7,204.75,161.85999999999999,328.38999999999999
90,medium,2111,2445,2262.0832511210692,dijkstra,1,2262.0832511210692,33,1391,1604,1456,3467,1603,10,7,1040.2,874.12000000000012,1245.6299999999999
91,medium,1097,1394,2586.2791334804106,astar,1,2586.2791334804106,38,120,171,158,325,170,10,7,120.44000000000001,96.400000000000006,455.38
91,medium,1097,1394,2586.2791334804106,dijkstra,1,2586.2791334804106,38,1210,1414,1269,3062,1413,10,7,1546.27,1140.1399999999999,2100.9499999999998
92,medium,714,2436,2820.4936652847205,astar,1,2820.4936652847205,52,473,585,521,1226,584,10,7,572.85000000000002,468.41999999999996,683.98000000000002
92,medium,714,2436,2820.4936652847205,dijkstra,1,2820.4936652847205,52,1746,1969,1828,4144,1968,10,7,1643.3700000000001,1266.5599999999999,1743
93,medium,1492,2465,2344.5664953348928,astar,1,2344.5664953348928,32,340,421,380,827,420,10,7,337.24000000000001,279.06999999999999,494.37
93,medium,1492,2465,2344.5664953348928,dijkstra,1,2344.5664953348928,32,1252,1443,1308,3101,1442,10,7,959.42999999999995,842.37000000000012,1194.95
94,medium,2559,1384,2406.8989200473366,astar,1,2406.8989200473366,51,294,378,351,714,377,10,7,411.48999999999995,249.00999999999999,592.51999999999998
94,medium,2559,1384,2406.8989200473366,dijkstra,1,2406.8989200473366,51,1508,1723,1582,3798,1722,10,7,1404.8299999999999,1023.47,2213.0500000000002
95,medium,2301,1624,2709.692849988041,astar,1,2709.692849988041,39,375,477,418,959,476,10,7,398.41999999999996,376.87,536.66999999999996
95,medium,2301,1624,2709.692849988041,dijkstra,1,2709.692849988041,39,1635,1843,1677,4085,1842,10,7,1521.28,1335.25,1648.8799999999999
96,medium,1218,1064,2981.2944939921681,astar,1,2981.2944939921681,42,249,314,294,604,313,10,7,244.26999999999998,210.46999999999997,407.86000000000001
96,medium,1218,1064,2981.2944939921681,dijkstra,1,2981.2944939921681,42,1029,1160,1088,2482,1159,10,7,766.48000000000002,668.78999999999996,1155.8700000000001
97,medium,893,475,3133.2929151042349,astar,1,3133.2929151042349,36,578,738,647,1490,737,10,7,651.03999999999996,588.79999999999995,978.42999999999995
97,medium,893,475,3133.2929151042349,dijkstra,1,3133.2929151042349,36,1943,2162,2001,4656,2161,10,7,1671.9099999999999,1496.3700000000001,2196.29
98,medium,1150,1881,2473.3130261830302,astar,1,2473.3130261830302,29,220,287,272,485,286,10,7,205.28000000000003,170.5,565.81000000000006
98,medium,1150,1881,2473.3130261830302,dijkstra,1,2473.3130261830302,29,2133,2437,2204,5305,2436,10,7,2105,1775.1900000000001,4075.2400000000002
99,medium,1194,2279,2141.8799258707945,astar,1,2141.8799258707945,45,127,175,164,341,174,10,7,117.59999999999999,100.03,200.41
99,medium,1194,2279,2141.8799258707945,dijkstra,1,2141.8799258707945,45,1356,1566,1435,3313,1565,10,7,1299.22,1216.0999999999999,1816.4000000000001
100,medium,1382,507,2236.9424090943494,astar,1,2236.9424090943494,35,139,217,199,381,216,10,7,135.54000000000002,127.30999999999999,181.43000000000001
100,medium,1382,507,2236.9424090943494,dijkstra,1,2236.9424090943494,35,1031,1166,1066,2619,1165,10,7,664.18000000000006,621.75999999999999,813.97000000000003
101,medium,855,1267,2469.0410927177813,astar,1,2469.0410927177813,52,320,374,347,752,373,10,7,329.64999999999998,247.03000000000003,577.53999999999996
101,medium,855,1267,2469.0410927177813,dijkstra,1,2469.0410927177813,52,1031,1163,1072,2534,1162,10,7,717.81000000000006,616.73000000000002,2540.8499999999999
102,medium,385,2091,2750.0730877302963,astar,1,2750.0730877302963,57,231,297,282,525,296,10,7,219.65000000000001,204.10999999999999,311.91999999999996
102,medium,385,2091,2750.0730877302963,dijkstra,1,2750.0730877302963,57,697,763,728,1568,762,10,7,473.91999999999996,398.84000000000003,753.60000000000002
103,medium,1239,774,2918.6738807745919,astar,1,2918.6738807745919,40,331,429,394,830,428,10,7,318.26999999999998,246.80000000000001,647.68999999999994
103,medium,1239,774,2918.6738807745919,dijkstra,1,2918.6738807745919,40,1140,1274,1190,2770,1273,10,7,786.89999999999998,715.36000000000001,960.53999999999996
104,medium,1884,141,3197.4997747034708,astar,1,3197.4997747034708,41,494,618,547,1247,617,10,7,461.11000000000001,416.03000000000003,556.91000000000008
104,medium,1884,141,3197.4997747034708,dijkstra,1,3197.4997747034708,41,2157,2393,2215,5153,2392,10,7,1475.6100000000001,1378.3499999999999,2881.75
105,medium,2701,871,2992.5440161705437,astar,1,2992.5440161705437,44,264,342,317,643,341,10,7,253.84,242.41,291.31999999999999
105,medium,2701,871,2992.5440161705437,dijkstra,1,2992.5440161705437,44,1775,1995,1820,4441,1994,10,7,1491.23,1312.51,2754.21
106,medium,2123,108,2862.6699342128441,astar,1,2862.6699342128441,54,440,560,492,1148,559,10,7,373.24000000000001,336.59000000000003,524.85000000000002
106,medium,2123,108,2862.6699342128441,dijkstra,1,2862.6699342128441,54,1578,1783,1631,3931,1782,10,7,1026.8399999999999,894.2700000000001,1088.75
107,medium,1507,2397,2595.6144886559428,astar,1,2595.6144886559428,50,387,517,468,981,516,10,7,374.40999999999997,299.28000000000003,452.61000000000001
107,medium,1507,2397,2595.6144886559428,dijkstra,1,2595.6144886559428,50,1829,2081,1884,4548,2080,10,7,1213.8,1129.3600000000001,1327.29
108,medium,2907,1065,2427.8408785471083,astar,1,2427.8408785471083,43,252,340,305,664,339,10,7,224.28000000000003,196.30000000000001,269.38999999999999
108,medium,2907,1065,2427.8408785471083,dijkstra,1,2427.8408785471083,43,1248,1443,1305,3129,1442,10,7,935.82999999999993,820.18999999999994,1536.0999999999999
109,medium,2636,1411,2475.3349717360306,astar,1,2475.3349717360306,38,143,202,193,337,201,10,7,135.02000000000001,111.13,166.25999999999999
109,medium,2636,1411,2475.3349717360306,dijkstra,1,2475.3349717360306,38,1688,1929,1757,4250,1928,10,7,1128.29,985.60000000000002,1227.4400000000001
110,medium,2179,1612,2338.9756679818906,astar,1,2338.9756679818906,35,250,336,297,653,335,10,7,210.11999999999998,175.60999999999999,223.38000000000002
110,medium,2179,1612,2338.9756679818906,dijkstra,1,2338.9756679818906,35,1412,1619,1466,3573,1618,10,7,918.18999999999994,848.5,997.41000000000008
111,medium,1495,2411,2771.0358697465608,astar,1,2771.0358697465608,42,319,405,372,781,404,10,7,284.33000000000004,241.20999999999998,395.28000000000003
111,medium,1495,2411,2771.0358697465608,dijkstra,1,2771.0358697465608,42,1626,1881,1698,4052,1880,10,7,1098.71,1026.1799999999998,1420.25
112,medium,2209,902,3024.1712237095476,astar,1,3024.1712237095476,65,480,615,544,1216,614,10,7,516.68999999999994,380.79000000000002,619.68999999999994
112,medium,2209,902,3024.1712237095476,dijkstra,1,3024.1712237095476,65,1911,2163,1959,4790,2162,10,7,1363.51,1301.5,1431.45
113,medium,196,1784,2725.9291864689403,astar,1,2725.9291864689403,33,370,498,427,978,497,10,7,462.76000000000005,351.04000000000002,825.70000000000005
113,medium,196,1784,2725.9291864689403,dijkstra,1,2725.9291864689403,33,2523,2831,2582,6179,2830,10,7,2440.4700000000003,1998.77,5683.2300000000005
114,medium,1591,2430,2675.2827996464439,astar,1,2675.2827996464439,52,317,398,366,807,397,10,7,319.70999999999998,287.70999999999998,652.46000000000004
114,medium,1591,2430,2675.2827996464439,dijkstra,1,2675.2827996464439,52,1678,1918,1749,4120,1917,10,7,1438.8299999999999,1186.0799999999999,1683.28
115,medium,1649,1752,2829.0082653391473,astar,1,2829.0082653391473,33,530,641,581,1364,640,10,7,574.74000000000001,514.58999999999992,662.37
115,medium,1649,1752,2829.0082653391473,dijkstra,1,2829.0082653391473,33,1975,2223,2064,4722,2222,10,7,1741.0999999999999,1469.53,2046.4200000000001
116,medium,1403,209,3113.3202735612904,astar,1,3113.3202735612904,53,637,777,699,1588,776,10,7,790.88,640.75,1105.03
116,medium,1403,209,3113.3202735612904,dijkstra,1,3113.3202735612904,53,1972,2202,2040,4873,2201,10,7,1766.52,1424.77,2500.0799999999999
117,medium,2066,536,3232.6635422121635,astar,1,3232.6635422121635,48,424,569,494,1073,568,10,7,517.63,452.68000000000001,602.88999999999999
117,medium,2066,536,3232.6635422121635,dijkstra,1,3232.6635422121635,48,1866,2104,1914,4627,2103,10,7,1484.1100000000001,1234.5899999999999,1770.9000000000001
118,medium,1175,175,2681.6892681928716,astar,1,2681.6892681928716,39,380,491,448,908,490,10,7,419.12,356.29000000000002,581.39999999999998
118,medium,1175,175,2681.6892681928716,dijkstra,1,2681.6892681928716,39,1221,1403,1284,2954,1402,10,7,1109.29,795.47000000000003,1401.6299999999999
119,medium,1363,2752,2745.5565525630595,astar,1,2745.5565525630595,48,396,528,464,1077,527,10,7,547.79999999999995,395.16999999999996,1550.2
119,medium,1363,2752,2745.5565525630595,dijkstra,1,2745.5565525630595,48,1527,1716,1566,3805,1715,10,7,1352.73,1108.52,1474.4299999999998
120,long,2732,818,3380.9967834510571,astar,1,3380.9967834510571,44,572,727,652,1415,726,5,7,667.22000000000003,646.60000000000002,878.93999999999994
120,long,2732,818,3380.9967834510571,dijkstra,1,3380.9967834510571,44,1819,2064,1895,4476,2063,5,7,1421.2,1366.5599999999999,1734.4599999999998
121,long,1369,343,6021.1090874927313,astar,1,6021.1090874927313,101,2276,2638,2336,5573,2637,5,7,2767.2799999999997,2519.0799999999999,3213.1799999999998
121,long,1369,343,6021.1090874927313,dijkstra,1,6021.1090874927313,101,2888,3147,2896,6968,3146,5,7,2091.0799999999999,1993.4400000000001,4676.5599999999995
122,long,789,2723,4758.5278469937602,astar,1,4758.5278469937602,86,434,537,511,1005,536,5,7,456.26000000000005,356.68000000000001,500.66000000000003
122,long,789,2723,4758.5278469937602,dijkstra,1,4758.5278469937602,86,1750,1947,1817,4107,1946,5,7,1335.8399999999999,1191.04,1821.9400000000001
123,long,388,1891,3682.4240442639921,astar,1,3682.4240442639921,57,406,498,457,937,497,5,7,384.80000000000001,316.65999999999997,414.43999999999994
123,long,388,1891,3682.4240442639921,dijkstra,1,3682.4240442639921,57,930,1036,973,2158,1035,5,7,577.18000000000006,489.60000000000002,638.93999999999994
124,long,1399,1232,5021.0959940215225,astar,1,5021.0959940215225,81,1377,1665,1476,3486,1664,5,7,1496.52,1258.28,1702.72
124,long,1399,1232,5021.0959940215225,dijkstra,1,5021.0959940215225,81,2745,3013,2779,6695,3012,5,7,1743.7400000000002,1619.5599999999999,1942.4200000000001
125,long,1598,1935,3501.5743854199804,astar,1,3501.5743854199804,39,308,425,383,774,424,5,7,314.65999999999997,268.89999999999998,348.62
125,long,1598,1935,3501.5743854199804,dijkstra,1,3501.5743854199804,39,2395,2677,2428,5863,2676,5,7,1781.4000000000001,1647,1973.6200000000001
126,long,2628,136,3276.1714582287491,astar,1,3276.1714582287491,57,468,595,541,1212,594,5,7,492.69999999999999,404.19999999999999,509.18000000000001
126,long,2628,136,3276.1714582287491,dijkstra,1,3276.1714582287491,57,2622,2900,2679,6339,2899,5,7,1883.8400000000001,1589.28,2081.6599999999999
127,long,1655,825,3655.2984288981925,astar,1,3655.2984288981925,42,843,1009,915,2107,1008,5,7,770.74000000000001,711.12,937.16000000000008
127,long,1655,825,3655.2984288981925,dijkstra,1,3655.2984288981925,42,2668,2932,2720,6359,2931,5,7,1706.4599999999998,1633.1799999999998,1844.3400000000001
128,long,1845,1765,3679.273810845867,astar,1,3679.273810845867,57,751,894,800,1859,893,5,7,699.88,634.48000000000002,824.5200000000001
128,long,1845,1765,3679.273810845867,dijkstra,1,3679.273810845867,57,2293,2555,2347,5665,2554,5,7,1568.9200000000001,1392.1799999999998,1651.3400000000001
129,long,781,2350,5236.2737089229986,astar,1,5236.2737089229986,80,748,926,839,1810,925,5,7,804.63999999999999,666.03999999999996,880.07999999999993
129,long,781,2350,5236.2737089229986,dijkstra,1,5236.2737089229986,80,2499,2747,2543,5942,2746,5,7,1916.52,1688.1799999999998,2602.8599999999997
130,long,1769,2191,4902.8654315355625,astar,1,4902.8654315355625,75,1083,1328,1169,2696,1327,5,7,1300.72,1027.3600000000001,2607.6199999999999
130,long,1769,2191,4902.8654315355625,dijkstra,1,4902.8654315355625,75,2760,3036,2784,6713,3035,5,7,1919.02,1607.5799999999999,4041.3599999999997
131,long,499,402,4525.1012781193222,astar,1,4525.1012781193222,66,1177,1381,1235,2829,1380,5,7,1423.4400000000001,1354.8600000000001,1840.3599999999999
131,long,499,402,4525.1012781193222,dijkstra,1,4525.1012781193222,66,2890,3182,2902,6974,3181,5,7,2581.0799999999999,2128.7400000000002,2740.04
132,long,339,1155,3791.9932933849418,astar,1,3791.9932933849418,58,596,726,665,1421,725,5,7,682.66000000000008,556.12,895.74000000000001
132,long,339,1155,3791.9932933849418,dijkstra,1,3791.9932933849418,58,1762,1961,1826,4193,1960,5,7,1427.6399999999999,1202.8399999999999,1573.52
133,long,2949,2794,6136.0759066054698,astar,1,6136.0759066054698,108,908,1119,1009,2215,1118,5,7,1141.04,988,1825.8200000000002
133,long,2949,2794,6136.0759066054698,dijkstra,1,6136.0759066054698,108,2969,3234,2974,7123,3233,5,7,2674.6599999999999,2158.9000000000001,3213.54
134,long,716,1304,3908.999243348323,astar,1,3908.999243348323,69,589,741,673,1511,740,5,7,1003.26,824.43999999999994,1231.4000000000001
134,long,716,1304,3908.999243348323,dijkstra,1,3908.999243348323,69,2848,3116,2874,6810,3115,5,7,3235.0599999999999,2346.3000000000002,8336.7600000000002
135,long,23,1545,4066.3233945314942,astar,1,4066.3233945314942,53,791,965,892,1937,964,5,7,1044.52,993.0200000000001,2883.2599999999998
135,long,23,1545,4066.3233945314942,dijkstra,1,4066.3233945314942,53,2385,2650,2425,5867,2649,5,7,2020.1400000000001,1826.9400000000001,2476.6599999999999
136,long,2779,420,4695.8141250984227,astar,1,4695.8141250984227,71,935,1143,1021,2329,1142,5,7,1096.1600000000001,1032.5,1340.24
136,long,2779,420,4695.8141250984227,dijkstra,1,4695.8141250984227,71,2669,2937,2691,6493,2936,5,7,2367.2599999999998,2039.7,4878.3999999999996
137,long,822,1212,3618.3278750717654,astar,1,3618.3278750717654,46,435,542,505,1043,541,5,7,493.38,426.33999999999997,1606.1600000000001
137,long,822,1212,3618.3278750717654,dijkstra,1,3618.3278750717654,46,2392,2668,2446,5880,2667,5,7,2192.8200000000002,1877.8400000000001,5142.0599999999995
138,long,2540,2136,3538.2897654250205,astar,1,3538.2897654250205,51,406,520,447,1066,519,5,7,451.76000000000005,416.60000000000002,513.41999999999996
138,long,2540,2136,3538.2897654250205,dijkstra,1,3538.2897654250205,51,2644,2918,2669,6448,2917,5,7,2181.2799999999997,1916.1200000000001,2562.0599999999999
139,long,1228,954,3708.4569473049119,astar,1,3708.4569473049119,73,432,576,523,1102,575,5,7,561.46000000000004,451.73999999999995,686.98000000000002
139,long,1228,954,3708.4569473049119,dijkstra,1,3708.4569473049119,73,2031,2256,2105,4793,2255,5,7,1903.8,1407.02,2001.4200000000001
140,long,943,1299,4610.7949166101489,astar,1,4610.7949166101489,76,482,614,560,1202,613,5,7,547.98000000000002,497,577.63999999999999
140,long,943,1299,4610.7949166101489,dijkstra,1,4610.7949166101489,76,2679,2941,2725,6382,2940,5,7,2489.6199999999999,2278.0999999999999,2699.1599999999999
141,long,920,1994,4896.395357219666,astar,1,4896.395357219666,58,956,1100,1008,2275,1099,5,7,1015.36,878.0200000000001,1650.0999999999999
141,long,920,1994,4896.395357219666,dijkstra,1,4896.395357219666,58,2648,2916,2668,6459,2915,5,7,2088.7200000000003,1799.0999999999999,2411.3599999999997
142,long,188,1475,4615.680628697688,astar,1,4615.680628697688,57,280,403,363,706,402,5,7,309.21999999999997,255.48000000000002,457.01999999999998
142,long,188,1475,4615.680628697688,dijkstra,1,4615.680628697688,57,2517,2802,2561,6083,2801,5,7,1838.3599999999999,1701.4599999999998,2006.6799999999998
143,long,1329,2773,5330.0049435586179,astar,1,5330.0049435586179,71,2160,2501,2233,5281,2500,5,7,2247.5,2141.8200000000002,2469.54
143,long,1329,2773,5330.0049435586179,dijkstra,1,5330.0049435586179,71,2879,3130,2883,6948,3129,5,7,2059.0799999999999,1802.4599999999998,2232.46
144,long,2504,2154,4295.8066832954964,astar,1,4295.8066832954964,73,518,661,607,1273,660,5,7,529.58000000000004,456.41999999999996,591.20000000000005
144,long,2504,2154,4295.8066832954964,dijkstra,1,4295.8066832954964,73,2425,2677,2484,5779,2676,5,7,1639.3,1524.5599999999999,1933.02
145,long,493,6,3533.3675683478928,astar,1,3533.3675683478928,49,249,370,332,635,369,5,7,256.24000000000001,220.18000000000001,308.25999999999999
145,long,493,6,3533.3675683478928,dijkstra,1,3533.3675683478928,49,2425,2691,2465,5904,2690,5,7,1825.1799999999998,1606.4200000000001,2060.8000000000002
146,long,2737,520,4118.9923764880241,astar,1,4118.9923764880241,66,836,953,882,1927,952,5,7,859.82000000000005,681.91999999999996,984.27999999999997
146,long,2737,520,4118.9923764880241,dijkstra,1,4118.9923764880241,66,2674,2958,2705,6452,2957,5,7,1923.72,1595.22,2344.4200000000001
147,long,2219,137,3459.3576746746571,astar,1,3459.3576746746571,48,562,728,626,1455,727,5,7,611.18000000000006,506.18000000000001,811.33999999999992
147,long,2219,137,3459.3576746746571,dijkstra,1,3459.3576746746571,48,2487,2778,2537,6134,2777,5,7,1834.3,1459.6200000000001,2168.5
148,long,427,1960,3529.6286429977126,astar,1,3529.6286429977126,57,646,816,732,1661,815,5,7,732.62,597,880.13999999999999
148,long,427,1960,3529.6286429977126,dijkstra,1,3529.6286429977126,57,2672,2930,2727,6385,2929,5,7,1965.2,1839.7,2248.46
149,long,2736,1980,4517.3364740313409,astar,1,4517.3364740313409,65,1093,1341,1212,2717,1340,5,7,1563.52,1114.8,2309.9000000000001
149,long,2736,1980,4517.3364740313409,dijkstra,1,4517.3364740313409,65,2894,3186,2920,6942,3185,5,7,2327.4000000000001,2067.8400000000001,4242.2399999999998
150,long,2517,2293,5025.3247170534669,astar,1,5025.3247170534669,71,563,737,666,1389,736,5,7,799.72000000000003,645.01999999999998,1189.4400000000001
150,long,2517,2293,5025.3247170534669,dijkstra,1,5025.3247170534669,71,2825,3114,2855,6834,3113,5,7,2874.2599999999998,2499.2200000000003,3374.2199999999998
151,long,317,1792,3937.9226043436188,astar,1,3937.9226043436188,50,664,856,768,1696,855,5,7,772.18000000000006,716.60000000000002,898.79999999999995
151,long,317,1792,3937.9226043436188,dijkstra,1,3937.9226043436188,50,2659,2936,2695,6511,2935,5,7,2413.6799999999998,1900.9200000000001,3123.9400000000001
152,long,794,1389,4720.4516418131052,astar,1,4720.4516418131052,83,650,804,723,1632,803,5,7,675.43999999999994,602.36000000000001,1184.9400000000001
152,long,794,1389,4720.4516418131052,dijkstra,1,4720.4516418131052,83,2921,3189,2936,7006,3188,5,7,2442.4000000000001,2181,4108.2800000000007
153,long,689,2868,5338.1816852461307,astar,1,5338.1816852461307,83,1289,1582,1415,3201,1581,5,7,1733.3599999999999,1568.3399999999999,5616.3400000000001
153,long,689,2868,5338.1816852461307,dijkstra,1,5338.1816852461307,83,2965,3242,2971,7108,3241,5,7,2808.3800000000001,2468.4400000000001,5611.6000000000004
154,long,567,937,3739.0845906317545,astar,1,3739.0845906317545,51,567,746,658,1443,745,5,7,695.62,646.98000000000002,930.77999999999997
154,long,567,937,3739.0845906317545,dijkstra,1,3739.0845906317545,51,2267,2558,2307,5588,2557,5,7,1741.4400000000001,1700.5999999999999,2509.5799999999999
155,long,2295,1538,3444.9304294490244,astar,1,3444.9304294490244,46,402,524,476,1009,523,5,7,549.75999999999999,419.60000000000002,1274.26
155,long,2295,1538,3444.9304294490244,dijkstra,1,3444.9304294490244,46,2110,2329,2145,5181,2328,5,7,1840.9200000000001,1512.6399999999999,3183.9400000000001
156,long,361,27,5537.5345523853448,astar,1,5537.5345523853448,103,958,1136,1031,2285,1135,5,7,1036.0799999999999,1012.4,1117.1399999999999
156,long,361,27,5537.5345523853448,dijkstra,1,5537.5345523853448,103,2375,2629,2433,5646,2628,5,7,1862.5799999999999,1753.5,2033.2
157,long,527,1530,5141.7749441223159,astar,1,5141.7749441223159,75,637,713,672,1456,712,5,7,528.46000000000004,513.48000000000002,554.96000000000004
157,long,527,1530,5141.7749441223159,dijkstra,1,5141.7749441223159,75,1416,1571,1461,3314,1570,5,7,965.07999999999993,899.10000000000002,1132.4400000000001
158,long,2574,2808,3660.8142973354143,astar,1,3660.8142973354143,77,927,1074,975,2284,1073,5,7,993.22000000000003,855.4799999999999,3278.3000000000002
158,long,2574,2808,3660.8142973354143,dijkstra,1,3660.8142973354143,77,2074,2334,2139,5143,2333,5,7,1514.0599999999999,1466.1200000000001,3633.5999999999999
159,long,135,2870,3877.0290059083281,astar,1,3877.0290059083281,64,507,633,563,1289,632,5,7,571.33999999999992,509.18000000000001,729.60000000000002
159,long,135,2870,3877.0290059083281,dijkstra,1,3877.0290059083281,64,2097,2354,2182,5158,2353,5,7,1871.7,1614.6799999999998,2340.2799999999997
160,long,1841,585,3981.810120850721,astar,1,3981.810120850721,61,542,720,641,1380,719,5,7,666.10000000000002,555.46000000000004,898.06000000000006
160,long,1841,585,3981.810120850721,dijkstra,1,3981.810120850721,61,2352,2639,2401,5790,2638,5,7,2030.1799999999998,1555.7,2375.2799999999997
161,long,2308,2093,3318.2232190494074,astar,1,3318.2232190494074,62,710,881,774,1790,880,5,7,626.93999999999994,568.20000000000005,838.83999999999992
161,long,2308,2093,3318.2232190494074,dijkstra,1,3318.2232190494074,62,1984,2207,2040,4932,2206,5,7,1183.0599999999999,1116.5999999999999,1222.9400000000001
162,long,924,111,3652.4658654375003,astar,1,3652.4658654375003,72,688,840,754,1733,839,5,7,617.5,558.98000000000002,745.48000000000002
162,long,924,111,3652.4658654375003,dijkstra,1,3652.4658654375003,72,2472,2731,2536,5879,2730,5,7,1548.3,1507.3200000000002,1704.5599999999999
163,long,321,1839,4045.2973005239801,astar,1,4045.2973005239801,72,502,617,573,1211,616,5,7,427.13999999999999,406.56,474.91999999999996
163,long,321,1839,4045.2973005239801,dijkstra,1,4045.2973005239801,72,2297,2543,2334,5648,2542,5,7,1335.9000000000001,1281.78,1464.9400000000001
164,long,2770,2250,5228.4030913670986,astar,1,5228.4030913670986,73,1026,1266,1127,2539,1265,5,7,964.33999999999992,931.12000000000012,1077.54
164,long,2770,2250,5228.4030913670986,dijkstra,1,5228.4030913670986,73,2664,2952,2689,6434,2951,5,7,1628.52,1499.5599999999999,1724.1599999999999
165,long,345,1022,5099.9599966031028,astar,1,5099.9599966031028,78,974,1170,1061,2342,1169,5,7,1048.74,819.43999999999994,1318.3
165,long,345,1022,5099.9599966031028,dijkstra,1,5099.9599966031028,78,2540,2786,2580,6036,2785,5,7,1747.3200000000002,1484.8600000000001,2557.3599999999997
166,long,2909,2573,4551.798550256598,astar,1,4551.798550256598,67,951,1172,1055,2368,1171,5,7,997.24000000000001,898.9799999999999,1489.6600000000001
166,long,2909,2573,4551.798550256598,dijkstra,1,4551.798550256598,67,2743,3038,2776,6619,3037,5,7,2170.2599999999998,1810.5599999999999,2799.48
167,long,2070,784,6084.3052670187317,astar,1,6084.3052670187317,78,2542,2909,2594,6176,2908,5,7,2604.8599999999997,2498.98,3143.7799999999997
167,long,2070,784,6084.3052670187317,dijkstra,1,6084.3052670187317,78,2959,3210,2964,7112,3209,5,7,1815.6599999999999,1778.2,1993.3599999999999
168,long,2211,596,5709.3951230544599,astar,1,5709.3951230544599,81,1973,2334,2061,4911,2333,5,7,2174.04,1910.8400000000001,2373.3599999999997
168,long,2211,596,5709.3951230544599,dijkstra,1,5709.3951230544599,81,2855,3094,2856,6899,3093,5,7,1906.3400000000001,1791.48,2070.2599999999998
169,long,2330,1686,4632.072126571682,astar,1,4632.072126571682,86,1475,1776,1587,3718,1775,5,7,1599.1399999999999,1469.8799999999999,1643.2599999999998
169,long,2330,1686,4632.072126571682,dijkstra,1,4632.072126571682,86,2767,3034,2793,6745,3033,5,7,1753.5799999999999,1682.1400000000001,1838.52
170,long,996,524,5956.5103899110973,astar,1,5956.5103899110973,108,2163,2454,2243,5220,2453,5,7,2290.6599999999999,1998.8400000000001,2447.48
170,long,996,524,5956.5103899110973,dijkstra,1,5956.5103899110973,108,2928,3201,2942,7054,3200,5,7,1911.3400000000001,1745,2057.5599999999999
171,long,2973,1909,3350.7420173970418,astar,1,3350.7420173970418,67,719,888,803,1787,887,5,7,660.16000000000008,602.88,798.5
171,long,2973,1909,3350.7420173970418,dijkstra,1,3350.7420173970418,67,2303,2592,2369,5614,2591,5,7,1558.3200000000002,1461.5999999999999,1792.0400000000002
172,long,1418,2804,3291.2681978526284,astar,1,3291.2681978526284,41,436,556,504,1121,555,5,7,376.45999999999998,342.38,393.65999999999997
172,long,1418,2804,3291.2681978526284,dijkstra,1,3291.2681978526284,41,2294,2555,2342,5650,2554,5,7,1488.78,1340.1799999999998,1606.4000000000001
173,long,1155,1168,3719.6800781028696,astar,1,3719.6800781028696,56,419,542,501,1010,541,5,7,416.08000000000004,362.74000000000001,479.78000000000003
173,long,1155,1168,3719.6800781028696,dijkstra,1,3719.6800781028696,56,2609,2884,2633,6320,2883,5,7,1797.5999999999999,1696.22,2005.0999999999999
174,long,1918,2265,4264.1363739539584,astar,1,4264.1363739539584,70,1123,1356,1199,2868,1355,5,7,1250.8399999999999,1135.02,1653.3
174,long,1918,2265,4264.1363739539584,dijkstra,1,4264.1363739539584,70,2568,2831,2597,6312,2830,5,7,1939.72,1731.3599999999999,2232.6199999999999
175,long,2527,420,4484.9832072130521,astar,1,4484.9832072130521,67,838,1084,964,2121,1083,5,7,1012.1,933.24000000000001,1242.98
175,long,2527,420,4484.9832072130521,dijkstra,1,4484.9832072130521,67,2738,3015,2762,6645,3014,5,7,2080.5599999999999,1840.2400000000002,2294.0599999999999
176,long,1655,629,3557.6539090616907,astar,1,3557.6539090616907,46,311,414,382,777,413,5,7,328.38,284.39999999999998,389.10000000000002
176,long,1655,629,3557.6539090616907,dijkstra,1,3557.6539090616907,46,2562,2823,2620,6103,2822,5,7,1948.0400000000002,1830.8400000000001,2153.96
177,long,518,1025,6211.0196237649398,astar,1,6211.0196237649398,112,949,1136,1026,2272,1135,5,7,954.17999999999995,810.03999999999996,1003.2
177,long,518,1025,6211.0196237649398,dijkstra,1,6211.0196237649398,112,2534,2779,2573,6018,2778,5,7,1770.8200000000002,1588.72,2025.6799999999998
178,long,1236,2489,4872.6803599441055,astar,1,4872.6803599441055,70,1275,1589,1410,3228,1588,5,7,1299.5999999999999,1243.9200000000001,1382.2
178,long,1236,2489,4872.6803599441055,dijkstra,1,4872.6803599441055,70,2940,3213,2954,7065,3212,5,7,1927.0400000000002,1809.5400000000002,2003.5599999999999
179,long,46,1291,4830.4495458473639,astar,1,4830.4495458473639,74,1458,1769,1560,3677,1768,5,7,1546.76,1460.3200000000002,1700.6799999999998
179,long,46,1291,4830.4495458473639,dijkstra,1,4830.4495458473639,74,2801,3074,2823,6810,3073,5,7,1882.5400000000002,1702.5799999999999,1950.8200000000002
