config_id,source_map,map_sha256,start_x,start_y,goal_x,goal_y,sensing_radius,robot_radius,method,status,goal_success,actual_distance,planning_time_ms,reason
"_map_deadend.csv:40,40:r10",_map_deadend.csv,7cd52d0bb87e1acfb649ee71f28fce8bd68e231bbda9be98b3fc1ac2185066ab,0,0,40,40,10,0.5,upstream_bundle_asp,not_run_validity_gate,,,,upstream executed segments cross obstacle interiors in Stage 1 reproduction
"_map_deadend.csv:40,40:r10",_map_deadend.csv,7cd52d0bb87e1acfb649ee71f28fce8bd68e231bbda9be98b3fc1ac2185066ab,0,0,40,40,10,0.5,our_continuous_astar,not_run_validity_gate,,,,upstream executed segments cross obstacle interiors in Stage 1 reproduction
"_map_deadend.csv:40,40:r20",_map_deadend.csv,7cd52d0bb87e1acfb649ee71f28fce8bd68e231bbda9be98b3fc1ac2185066ab,0,0,40,40,20,0.5,upstream_bundle_asp,not_run_validity_gate,,,,upstream executed segments cross obstacle interiors in Stage 1 reproduction
"_map_deadend.csv:40,40:r20",_map_deadend.csv,7cd52d0bb87e1acfb649ee71f28fce8bd68e231bbda9be98b3fc1ac2185066ab,0,0,40,40,20,0.5,our_continuous_astar,not_run_validity_gate,,,,upstream executed segments cross obstacle interiors in Stage 1 reproduction
"_map_deadend.csv:40,40:r30",_map_deadend.csv,7cd52d0bb87e1acfb649ee71f28fce8bd68e231bbda9be98b3fc1ac2185066ab,0,0,40,40,30,0.5,upstream_bundle_asp,not_run_validity_gate,,,,upstream executed segments cross obstacle interiors in Stage 1 reproduction
"_map_deadend.csv:40,40:r30",_map_deadend.csv,7cd52d0bb87e1acfb649ee71f28fce8bd68e231bbda9be98b3fc1ac2185066ab,0,0,40,40,30,0.5,our_continuous_astar,not_run_validity_gate,,,,upstream executed segments cross obstacle interiors in Stage 1 reproduction
"_map_deadend.csv:50,50:r10",_map_deadend.csv,7cd52d0bb87e1acfb649ee71f28fce8bd68e231bbda9be98b3fc1ac2185066ab,0,0,50,50,10,0.5,upstream_bundle_asp,not_run_validity_gate,,,,upstream executed segments cross obstacle interiors in Stage 1 reproduction
"_map_deadend.csv:50,50:r10",_map_deadend.csv,7cd52d0bb87e1acfb649ee71f28fce8bd68e231bbda9be98b3fc1ac2185066ab,0,0,50,50,10,0.5,our_continuous_astar,not_run_validity_gate,,,,upstream executed segments cross obstacle interiors in Stage 1 reproduction
"_map_deadend.csv:50,50:r20",_map_deadend.csv,7cd52d0bb87e1acfb649ee71f28fce8bd68e231bbda9be98b3fc1ac2185066ab,0,0,50,50,20,0.5,upstream_bundle_asp,not_run_validity_gate,,,,upstream executed segments cross obstacle interiors in Stage 1 reproduction
"_map_deadend.csv:50,50:r20",_map_deadend.csv,7cd52d0bb87e1acfb649ee71f28fce8bd68e231bbda9be98b3fc1ac2185066ab,0,0,50,50,20,0.5,our_continuous_astar,not_run_validity_gate,,,,upstream executed segments cross obstacle interiors in Stage 1 reproduction
"_map_deadend.csv:50,50:r30",_map_deadend.csv,7cd52d0bb87e1acfb649ee71f28fce8bd68e231bbda9be98b3fc1ac2185066ab,0,0,50,50,30,0.5,upstream_bundle_asp,not_run_validity_gate,,,,upstream executed segments cross obstacle interiors in Stage 1 reproduction
"_map_deadend.csv:50,50:r30",_map_deadend.csv,7cd52d0bb87e1acfb649ee71f28fce8bd68e231bbda9be98b3fc1ac2185066ab,0,0,50,50,30,0.5,our_continuous_astar,not_run_validity_gate,,,,upstream executed segments cross obstacle interiors in Stage 1 reproduction
"_map_deadend.csv:80,40:r10",_map_deadend.csv,7cd52d0bb87e1acfb649ee71f28fce8bd68e231bbda9be98b3fc1ac2185066ab,0,0,80,40,10,0.5,upstream_bundle_asp,not_run_validity_gate,,,,upstream executed segments cross obstacle interiors in Stage 1 reproduction
"_map_deadend.csv:80,40:r10",_map_deadend.csv,7cd52d0bb87e1acfb649ee71f28fce8bd68e231bbda9be98b3fc1ac2185066ab,0,0,80,40,10,0.5,our_continuous_astar,not_run_validity_gate,,,,upstream executed segments cross obstacle interiors in Stage 1 reproduction
"_map_deadend.csv:80,40:r20",_map_deadend.csv,7cd52d0bb87e1acfb649ee71f28fce8bd68e231bbda9be98b3fc1ac2185066ab,0,0,80,40,20,0.5,upstream_bundle_asp,not_run_validity_gate,,,,upstream executed segments cross obstacle interiors in Stage 1 reproduction
"_map_deadend.csv:80,40:r20",_map_deadend.csv,7cd52d0bb87e1acfb649ee71f28fce8bd68e231bbda9be98b3fc1ac2185066ab,0,0,80,40,20,0.5,our_continuous_astar,not_run_validity_gate,,,,upstream executed segments cross obstacle interiors in Stage 1 reproduction
"_map_deadend.csv:80,40:r30",_map_deadend.csv,7cd52d0bb87e1acfb649ee71f28fce8bd68e231bbda9be98b3fc1ac2185066ab,0,0,80,40,30,0.5,upstream_bundle_asp,not_run_validity_gate,,,,upstream executed segments cross obstacle interiors in Stage 1 reproduction
"_map_deadend.csv:80,40:r30",_map_deadend.csv,7cd52d0bb87e1acfb649ee71f28fce8bd68e231bbda9be98b3fc1ac2185066ab,0,0,80,40,30,0.5,our_continuous_astar,not_run_validity_gate,,,,upstream executed segments cross obstacle interiors in Stage 1 reproduction
"_map_deadend.csv:80,60:r10",_map_deadend.csv,7cd52d0bb87e1acfb649ee71f28fce8bd68e231bbda9be98b3fc1ac2185066ab,0,0,80,60,10,0.5,upstream_bundle_asp,not_run_validity_gate,,,,upstream executed segments cross obstacle interiors in Stage 1 reproduction
"_map_deadend.csv:80,60:r10",_map_deadend.csv,7cd52d0bb87e1acfb649ee71f28fce8bd68e231bbda9be98b3fc1ac2185066ab,0,0,80,60,10,0.5,our_continuous_astar,not_run_validity_gate,,,,upstream executed segments cross obstacle interiors in Stage 1 reproduction
"_map_deadend.csv:80,60:r20",_map_deadend.csv,7cd52d0bb87e1acfb649ee71f28fce8bd68e231bbda9be98b3fc1ac2185066ab,0,0,80,60,20,0.5,upstream_bundle_asp,not_run_validity_gate,,,,upstream executed segments cross obstacle interiors in Stage 1 reproduction
"_map_deadend.csv:80,60:r20",_map_deadend.csv,7cd52d0bb87e1acfb649ee71f28fce8bd68e231bbda9be98b3fc1ac2185066ab,0,0,80,60,20,0.5,our_continuous_astar,not_run_validity_gate,,,,upstream executed segments cross obstacle interiors in Stage 1 reproduction
"_map_deadend.csv:80,60:r30",_map_deadend.csv,7cd52d0bb87e1acfb649ee71f28fce8bd68e231bbda9be98b3fc1ac2185066ab,0,0,80,60,30,0.5,upstream_bundle_asp,not_run_validity_gate,,,,upstream executed segments cross obstacle interiors in Stage 1 reproduction
"_map_deadend.csv:80,60:r30",_map_deadend.csv,7cd52d0bb87e1acfb649ee71f28fce8bd68e231bbda9be98b3fc1ac2185066ab,0,0,80,60,30,0.5,our_continuous_astar,not_run_validity_gate,,,,upstream executed segments cross obstacle interiors in Stage 1 reproduction
"_map_deadend.csv:100,40:r10",_map_deadend.csv,7cd52d0bb87e1acfb649ee71f28fce8bd68e231bbda9be98b3fc1ac2185066ab,0,0,100,40,10,0.5,upstream_bundle_asp,not_run_validity_gate,,,,upstream executed segments cross obstacle interiors in Stage 1 reproduction
"_map_deadend.csv:100,40:r10",_map_deadend.csv,7cd52d0bb87e1acfb649ee71f28fce8bd68e231bbda9be98b3fc1ac2185066ab,0,0,100,40,10,0.5,our_continuous_astar,not_run_validity_gate,,,,upstream executed segments cross obstacle interiors in Stage 1 reproduction
"_map_deadend.csv:100,40:r20",_map_deadend.csv,7cd52d0bb87e1acfb649ee71f28fce8bd68e231bbda9be98b3fc1ac2185066ab,0,0,100,40,20,0.5,upstream_bundle_asp,not_run_validity_gate,,,,upstream executed segments cross obstacle interiors in Stage 1 reproduction
"_map_deadend.csv:100,40:r20",_map_deadend.csv,7cd52d0bb87e1acfb649ee71f28fce8bd68e231bbda9be98b3fc1ac2185066ab,0,0,100,40,20,0.5,our_continuous_astar,not_run_validity_gate,,,,upstream executed segments cross obstacle interiors in Stage 1 reproduction
"_map_deadend.csv:100,40:r30",_map_deadend.csv,7cd52d0bb87e1acfb649ee71f28fce8bd68e231bbda9be98b3fc1ac2185066ab,0,0,100,40,30,0.5,upstream_bundle_asp,not_run_validity_gate,,,,upstream executed segments cross obstacle interiors in Stage 1 reproduction
"_map_deadend.csv:100,40:r30",_map_deadend.csv,7cd52d0bb87e1acfb649ee71f28fce8bd68e231bbda9be98b3fc1ac2185066ab,0,0,100,40,30,0.5,our_continuous_astar,not_run_validity_gate,,,,upstream executed segments cross obstacle interiors in Stage 1 reproduction
"_map_deadend.csv:100,50:r10",_map_deadend.csv,7cd52d0bb87e1acfb649ee71f28fce8bd68e231bbda9be98b3fc1ac2185066ab,0,0,100,50,10,0.5,upstream_bundle_asp,not_run_validity_gate,,,,upstream executed segments cross obstacle interiors in Stage 1 reproduction
"_map_deadend.csv:100,50:r10",_map_deadend.csv,7cd52d0bb87e1acfb649ee71f28fce8bd68e231bbda9be98b3fc1ac2185066ab,0,0,100,50,10,0.5,our_continuous_astar,not_run_validity_gate,,,,upstream executed segments cross obstacle interiors in Stage 1 reproduction
"_map_deadend.csv:100,50:r20",_map_deadend.csv,7cd52d0bb87e1acfb649ee71f28fce8bd68e231bbda9be98b3fc1ac2185066ab,0,0,100,50,20,0.5,upstream_bundle_asp,not_run_validity_gate,,,,upstream executed segments cross obstacle interiors in Stage 1 reproduction
"_map_deadend.csv:100,50:r20",_map_deadend.csv,7cd52d0bb87e1acfb649ee71f28fce8bd68e231bbda9be98b3fc1ac2185066ab,0,0,100,50,20,0.5,our_continuous_astar,not_run_validity_gate,,,,upstream executed segments cross obstacle interiors in Stage 1 reproduction
"_map_deadend.csv:100,50:r30",_map_deadend.csv,7cd52d0bb87e1acfb649ee71f28fce8bd68e231bbda9be98b3fc1ac2185066ab,0,0,100,50,30,0.5,upstream_bundle_asp,not_run_validity_gate,,,,upstream executed segments cross obstacle interiors in Stage 1 reproduction
"_map_deadend.csv:100,50:r30",_map_deadend.csv,7cd52d0bb87e1acfb649ee71f28fce8bd68e231bbda9be98b3fc1ac2185066ab,0,0,100,50,30,0.5,our_continuous_astar,not_run_validity_gate,,,,upstream executed segments cross obstacle interiors in Stage 1 reproduction
"_map_deadend.csv:80,100:r10",_map_deadend.csv,7cd52d0bb87e1acfb649ee71f28fce8bd68e231bbda9be98b3fc1ac2185066ab,0,0,80,100,10,0.5,upstream_bundle_asp,not_run_validity_gate,,,,upstream executed segments cross obstacle interiors in Stage 1 reproduction
"_map_deadend.csv:80,100:r10",_map_deadend.csv,7cd52d0bb87e1acfb649ee71f28fce8bd68e231bbda9be98b3fc1ac2185066ab,0,0,80,100,10,0.5,our_continuous_astar,not_run_validity_gate,,,,upstream executed segments cross obstacle interiors in Stage 1 reproduction
"_map_deadend.csv:80,100:r20",_map_deadend.csv,7cd52d0bb87e1acfb649ee71f28fce8bd68e231bbda9be98b3fc1ac2185066ab,0,0,80,100,20,0.5,upstream_bundle_asp,not_run_validity_gate,,,,upstream executed segments cross obstacle interiors in Stage 1 reproduction
"_map_deadend.csv:80,100:r20",_map_deadend.csv,7cd52d0bb87e1acfb649ee71f28fce8bd68e231bbda9be98b3fc1ac2185066ab,0,0,80,100,20,0.5,our_continuous_astar,not_run_validity_gate,,,,upstream executed segments cross obstacle interiors in Stage 1 reproduction
"_map_deadend.csv:80,100:r30",_map_deadend.csv,7cd52d0bb87e1acfb649ee71f28fce8bd68e231bbda9be98b3fc1ac2185066ab,0,0,80,100,30,0.5,upstream_bundle_asp,not_run_validity_gate,,,,upstream executed segments cross obstacle interiors in Stage 1 reproduction
"_map_deadend.csv:80,100:r30",_map_deadend.csv,7cd52d0bb87e1acfb649ee71f28fce8bd68e231bbda9be98b3fc1ac2185066ab,0,0,80,100,30,0.5,our_continuous_astar,not_run_validity_gate,,,,upstream executed segments cross obstacle interiors in Stage 1 reproduction
"_map_deadend.csv:100,100:r10",_map_deadend.csv,7cd52d0bb87e1acfb649ee71f28fce8bd68e231bbda9be98b3fc1ac2185066ab,0,0,100,100,10,0.5,upstream_bundle_asp,not_run_validity_gate,,,,upstream executed segments cross obstacle interiors in Stage 1 reproduction
"_map_deadend.csv:100,100:r10",_map_deadend.csv,7cd52d0bb87e1acfb649ee71f28fce8bd68e231bbda9be98b3fc1ac2185066ab,0,0,100,100,10,0.5,our_continuous_astar,not_run_validity_gate,,,,upstream executed segments cross obstacle interiors in Stage 1 reproduction
"_map_deadend.csv:100,100:r20",_map_deadend.csv,7cd52d0bb87e1acfb649ee71f28fce8bd68e231bbda9be98b3fc1ac2185066ab,0,0,100,100,20,0.5,upstream_bundle_asp,not_run_validity_gate,,,,upstream executed segments cross obstacle interiors in Stage 1 reproduction
"_map_deadend.csv:100,100:r20",_map_deadend.csv,7cd52d0bb87e1acfb649ee71f28fce8bd68e231bbda9be98b3fc1ac2185066ab,0,0,100,100,20,0.5,our_continuous_astar,not_run_validity_gate,,,,upstream executed segments cross obstacle interiors in Stage 1 reproduction
"_map_deadend.csv:100,100:r30",_map_deadend.csv,7cd52d0bb87e1acfb649ee71f28fce8bd68e231bbda9be98b3fc1ac2185066ab,0,0,100,100,30,0.5,upstream_bundle_asp,not_run_validity_gate,,,,upstream executed segments cross obstacle interiors in Stage 1 reproduction
"_map_deadend.csv:100,100:r30",_map_deadend.csv,7cd52d0bb87e1acfb649ee71f28fce8bd68e231bbda9be98b3fc1ac2185066ab,0,0,100,100,30,0.5,our_continuous_astar,not_run_validity_gate,,,,upstream executed segments cross obstacle interiors in Stage 1 reproduction
"_map_bugtrap.csv:40,40:r10",_map_bugtrap.csv,50d59ed7ff96cbd7e6c45912691c59bd2568f9e4e00a018a492ed1b005799cf8,0,0,40,40,10,0.5,upstream_bundle_asp,not_run_validity_gate,,,,upstream executed segments cross obstacle interiors in Stage 1 reproduction
"_map_bugtrap.csv:40,40:r10",_map_bugtrap.csv,50d59ed7ff96cbd7e6c45912691c59bd2568f9e4e00a018a492ed1b005799cf8,0,0,40,40,10,0.5,our_continuous_astar,not_run_validity_gate,,,,upstream executed segments cross obstacle interiors in Stage 1 reproduction
"_map_bugtrap.csv:40,40:r20",_map_bugtrap.csv,50d59ed7ff96cbd7e6c45912691c59bd2568f9e4e00a018a492ed1b005799cf8,0,0,40,40,20,0.5,upstream_bundle_asp,not_run_validity_gate,,,,upstream executed segments cross obstacle interiors in Stage 1 reproduction
"_map_bugtrap.csv:40,40:r20",_map_bugtrap.csv,50d59ed7ff96cbd7e6c45912691c59bd2568f9e4e00a018a492ed1b005799cf8,0,0,40,40,20,0.5,our_continuous_astar,not_run_validity_gate,,,,upstream executed segments cross obstacle interiors in Stage 1 reproduction
"_map_bugtrap.csv:40,40:r30",_map_bugtrap.csv,50d59ed7ff96cbd7e6c45912691c59bd2568f9e4e00a018a492ed1b005799cf8,0,0,40,40,30,0.5,upstream_bundle_asp,not_run_validity_gate,,,,upstream executed segments cross obstacle interiors in Stage 1 reproduction
"_map_bugtrap.csv:40,40:r30",_map_bugtrap.csv,50d59ed7ff96cbd7e6c45912691c59bd2568f9e4e00a018a492ed1b005799cf8,0,0,40,40,30,0.5,our_continuous_astar,not_run_validity_gate,,,,upstream executed segments cross obstacle interiors in Stage 1 reproduction
"_map_bugtrap.csv:80,140:r10",_map_bugtrap.csv,50d59ed7ff96cbd7e6c45912691c59bd2568f9e4e00a018a492ed1b005799cf8,0,0,80,140,10,0.5,upstream_bundle_asp,not_run_validity_gate,,,,upstream executed segments cross obstacle interiors in Stage 1 reproduction
"_map_bugtrap.csv:80,140:r10",_map_bugtrap.csv,50d59ed7ff96cbd7e6c45912691c59bd2568f9e4e00a018a492ed1b005799cf8,0,0,80,140,10,0.5,our_continuous_astar,not_run_validity_gate,,,,upstream executed segments cross obstacle interiors in Stage 1 reproduction
"_map_bugtrap.csv:80,140:r20",_map_bugtrap.csv,50d59ed7ff96cbd7e6c45912691c59bd2568f9e4e00a018a492ed1b005799cf8,0,0,80,140,20,0.5,upstream_bundle_asp,not_run_validity_gate,,,,upstream executed segments cross obstacle interiors in Stage 1 reproduction
"_map_bugtrap.csv:80,140:r20",_map_bugtrap.csv,50d59ed7ff96cbd7e6c45912691c59bd2568f9e4e00a018a492ed1b005799cf8,0,0,80,140,20,0.5,our_continuous_astar,not_run_validity_gate,,,,upstream executed segments cross obstacle interiors in Stage 1 reproduction
"_map_bugtrap.csv:80,140:r30",_map_bugtrap.csv,50d59ed7ff96cbd7e6c45912691c59bd2568f9e4e00a018a492ed1b005799cf8,0,0,80,140,30,0.5,upstream_bundle_asp,not_run_validity_gate,,,,upstream executed segments cross obstacle interiors in Stage 1 reproduction
"_map_bugtrap.csv:80,140:r30",_map_bugtrap.csv,50d59ed7ff96cbd7e6c45912691c59bd2568f9e4e00a018a492ed1b005799cf8,0,0,80,140,30,0.5,our_continuous_astar,not_run_validity_gate,,,,upstream executed segments cross obstacle interiors in Stage 1 reproduction
"_map_bugtrap.csv:160,80:r10",_map_bugtrap.csv,50d59ed7ff96cbd7e6c45912691c59bd2568f9e4e00a018a492ed1b005799cf8,0,0,160,80,10,0.5,upstream_bundle_asp,not_run_validity_gate,,,,upstream executed segments cross obstacle interiors in Stage 1 reproduction
"_map_bugtrap.csv:160,80:r10",_map_bugtrap.csv,50d59ed7ff96cbd7e6c45912691c59bd2568f9e4e00a018a492ed1b005799cf8,0,0,160,80,10,0.5,our_continuous_astar,not_run_validity_gate,,,,upstream executed segments cross obstacle interiors in Stage 1 reproduction
"_map_bugtrap.csv:160,80:r20",_map_bugtrap.csv,50d59ed7ff96cbd7e6c45912691c59bd2568f9e4e00a018a492ed1b005799cf8,0,0,160,80,20,0.5,upstream_bundle_asp,not_run_validity_gate,,,,upstream executed segments cross obstacle interiors in Stage 1 reproduction
"_map_bugtrap.csv:160,80:r20",_map_bugtrap.csv,50d59ed7ff96cbd7e6c45912691c59bd2568f9e4e00a018a492ed1b005799cf8,0,0,160,80,20,0.5,our_continuous_astar,not_run_validity_gate,,,,upstream executed segments cross obstacle interiors in Stage 1 reproduction
"_map_bugtrap.csv:160,80:r30",_map_bugtrap.csv,50d59ed7ff96cbd7e6c45912691c59bd2568f9e4e00a018a492ed1b005799cf8,0,0,160,80,30,0.5,upstream_bundle_asp,not_run_validity_gate,,,,upstream executed segments cross obstacle interiors in Stage 1 reproduction
"_map_bugtrap.csv:160,80:r30",_map_bugtrap.csv,50d59ed7ff96cbd7e6c45912691c59bd2568f9e4e00a018a492ed1b005799cf8,0,0,160,80,30,0.5,our_continuous_astar,not_run_validity_gate,,,,upstream executed segments cross obstacle interiors in Stage 1 reproduction
"_map_bugtrap.csv:160,120:r10",_map_bugtrap.csv,50d59ed7ff96cbd7e6c45912691c59bd2568f9e4e00a018a492ed1b005799cf8,0,0,160,120,10,0.5,upstream_bundle_asp,not_run_validity_gate,,,,upstream executed segments cross obstacle interiors in Stage 1 reproduction
"_map_bugtrap.csv:160,120:r10",_map_bugtrap.csv,50d59ed7ff96cbd7e6c45912691c59bd2568f9e4e00a018a492ed1b005799cf8,0,0,160,120,10,0.5,our_continuous_astar,not_run_validity_gate,,,,upstream executed segments cross obstacle interiors in Stage 1 reproduction
"_map_bugtrap.csv:160,120:r20",_map_bugtrap.csv,50d59ed7ff96cbd7e6c45912691c59bd2568f9e4e00a018a492ed1b005799cf8,0,0,160,120,20,0.5,upstream_bundle_asp,not_run_validity_gate,,,,upstream executed segments cross obstacle interiors in Stage 1 reproduction
"_map_bugtrap.csv:160,120:r20",_map_bugtrap.csv,50d59ed7ff96cbd7e6c45912691c59bd2568f9e4e00a018a492ed1b005799cf8,0,0,160,120,20,0.5,our_continuous_astar,not_run_validity_gate,,,,upstream executed segments cross obstacle interiors in Stage 1 reproduction
"_map_bugtrap.csv:160,120:r30",_map_bugtrap.csv,50d59ed7ff96cbd7e6c45912691c59bd2568f9e4e00a018a492ed1b005799cf8,0,0,160,120,30,0.5,upstream_bundle_asp,not_run_validity_gate,,,,upstream executed segments cross obstacle interiors in Stage 1 reproduction
"_map_bugtrap.csv:160,120:r30",_map_bugtrap.csv,50d59ed7ff96cbd7e6c45912691c59bd2568f9e4e00a018a492ed1b005799cf8,0,0,160,120,30,0.5,our_continuous_astar,not_run_validity_gate,,,,upstream executed segments cross obstacle interiors in Stage 1 reproduction
"_map_bugtrap.csv:200,60:r10",_map_bugtrap.csv,50d59ed7ff96cbd7e6c45912691c59bd2568f9e4e00a018a492ed1b005799cf8,0,0,200,60,10,0.5,upstream_bundle_asp,not_run_validity_gate,,,,upstream executed segments cross obstacle interiors in Stage 1 reproduction
"_map_bugtrap.csv:200,60:r10",_map_bugtrap.csv,50d59ed7ff96cbd7e6c45912691c59bd2568f9e4e00a018a492ed1b005799cf8,0,0,200,60,10,0.5,our_continuous_astar,not_run_validity_gate,,,,upstream executed segments cross obstacle interiors in Stage 1 reproduction
"_map_bugtrap.csv:200,60:r20",_map_bugtrap.csv,50d59ed7ff96cbd7e6c45912691c59bd2568f9e4e00a018a492ed1b005799cf8,0,0,200,60,20,0.5,upstream_bundle_asp,not_run_validity_gate,,,,upstream executed segments cross obstacle interiors in Stage 1 reproduction
"_map_bugtrap.csv:200,60:r20",_map_bugtrap.csv,50d59ed7ff96cbd7e6c45912691c59bd2568f9e4e00a018a492ed1b005799cf8,0,0,200,60,20,0.5,our_continuous_astar,not_run_validity_gate,,,,upstream executed segments cross obstacle interiors in Stage 1 reproduction
"_map_bugtrap.csv:200,60:r30",_map_bugtrap.csv,50d59ed7ff96cbd7e6c45912691c59bd2568f9e4e00a018a492ed1b005799cf8,0,0,200,60,30,0.5,upstream_bundle_asp,not_run_validity_gate,,,,upstream executed segments cross obstacle interiors in Stage 1 reproduction
"_map_bugtrap.csv:200,60:r30",_map_bugtrap.csv,50d59ed7ff96cbd7e6c45912691c59bd2568f9e4e00a018a492ed1b005799cf8,0,0,200,60,30,0.5,our_continuous_astar,not_run_validity_gate,,,,upstream executed segments cross obstacle interiors in Stage 1 reproduction
"_map_bugtrap.csv:160,160:r10",_map_bugtrap.csv,50d59ed7ff96cbd7e6c45912691c59bd2568f9e4e00a018a492ed1b005799cf8,0,0,160,160,10,0.5,upstream_bundle_asp,not_run_validity_gate,,,,upstream executed segments cross obstacle interiors in Stage 1 reproduction
"_map_bugtrap.csv:160,160:r10",_map_bugtrap.csv,50d59ed7ff96cbd7e6c45912691c59bd2568f9e4e00a018a492ed1b005799cf8,0,0,160,160,10,0.5,our_continuous_astar,not_run_validity_gate,,,,upstream executed segments cross obstacle interiors in Stage 1 reproduction
"_map_bugtrap.csv:160,160:r20",_map_bugtrap.csv,50d59ed7ff96cbd7e6c45912691c59bd2568f9e4e00a018a492ed1b005799cf8,0,0,160,160,20,0.5,upstream_bundle_asp,not_run_validity_gate,,,,upstream executed segments cross obstacle interiors in Stage 1 reproduction
"_map_bugtrap.csv:160,160:r20",_map_bugtrap.csv,50d59ed7ff96cbd7e6c45912691c59bd2568f9e4e00a018a492ed1b005799cf8,0,0,160,160,20,0.5,our_continuous_astar,not_run_validity_gate,,,,upstream executed segments cross obstacle interiors in Stage 1 reproduction
"_map_bugtrap.csv:160,160:r30",_map_bugtrap.csv,50d59ed7ff96cbd7e6c45912691c59bd2568f9e4e00a018a492ed1b005799cf8,0,0,160,160,30,0.5,upstream_bundle_asp,not_run_validity_gate,,,,upstream executed segments cross obstacle interiors in Stage 1 reproduction
"_map_bugtrap.csv:160,160:r30",_map_bugtrap.csv,50d59ed7ff96cbd7e6c45912691c59bd2568f9e4e00a018a492ed1b005799cf8,0,0,160,160,30,0.5,our_continuous_astar,not_run_validity_gate,,,,upstream executed segments cross obstacle interiors in Stage 1 reproduction
"_map_bugtrap.csv:200,140:r10",_map_bugtrap.csv,50d59ed7ff96cbd7e6c45912691c59bd2568f9e4e00a018a492ed1b005799cf8,0,0,200,140,10,0.5,upstream_bundle_asp,not_run_validity_gate,,,,upstream executed segments cross obstacle interiors in Stage 1 reproduction
"_map_bugtrap.csv:200,140:r10",_map_bugtrap.csv,50d59ed7ff96cbd7e6c45912691c59bd2568f9e4e00a018a492ed1b005799cf8,0,0,200,140,10,0.5,our_continuous_astar,not_run_validity_gate,,,,upstream executed segments cross obstacle interiors in Stage 1 reproduction
"_map_bugtrap.csv:200,140:r20",_map_bugtrap.csv,50d59ed7ff96cbd7e6c45912691c59bd2568f9e4e00a018a492ed1b005799cf8,0,0,200,140,20,0.5,upstream_bundle_asp,not_run_validity_gate,,,,upstream executed segments cross obstacle interiors in Stage 1 reproduction
"_map_bugtrap.csv:200,140:r20",_map_bugtrap.csv,50d59ed7ff96cbd7e6c45912691c59bd2568f9e4e00a018a492ed1b005799cf8,0,0,200,140,20,0.5,our_continuous_astar,not_run_validity_gate,,,,upstream executed segments cross obstacle interiors in Stage 1 reproduction
"_map_bugtrap.csv:200,140:r30",_map_bugtrap.csv,50d59ed7ff96cbd7e6c45912691c59bd2568f9e4e00a018a492ed1b005799cf8,0,0,200,140,30,0.5,upstream_bundle_asp,not_run_validity_gate,,,,upstream executed segments cross obstacle interiors in Stage 1 reproduction
"_map_bugtrap.csv:200,140:r30",_map_bugtrap.csv,50d59ed7ff96cbd7e6c45912691c59bd2568f9e4e00a018a492ed1b005799cf8,0,0,200,140,30,0.5,our_continuous_astar,not_run_validity_gate,,,,upstream executed segments cross obstacle interiors in Stage 1 reproduction
"_map_bugtrap.csv:200,200:r10",_map_bugtrap.csv,50d59ed7ff96cbd7e6c45912691c59bd2568f9e4e00a018a492ed1b005799cf8,0,0,200,200,10,0.5,upstream_bundle_asp,not_run_validity_gate,,,,upstream executed segments cross obstacle interiors in Stage 1 reproduction
"_map_bugtrap.csv:200,200:r10",_map_bugtrap.csv,50d59ed7ff96cbd7e6c45912691c59bd2568f9e4e00a018a492ed1b005799cf8,0,0,200,200,10,0.5,our_continuous_astar,not_run_validity_gate,,,,upstream executed segments cross obstacle interiors in Stage 1 reproduction
"_map_bugtrap.csv:200,200:r20",_map_bugtrap.csv,50d59ed7ff96cbd7e6c45912691c59bd2568f9e4e00a018a492ed1b005799cf8,0,0,200,200,20,0.5,upstream_bundle_asp,not_run_validity_gate,,,,upstream executed segments cross obstacle interiors in Stage 1 reproduction
"_map_bugtrap.csv:200,200:r20",_map_bugtrap.csv,50d59ed7ff96cbd7e6c45912691c59bd2568f9e4e00a018a492ed1b005799cf8,0,0,200,200,20,0.5,our_continuous_astar,not_run_validity_gate,,,,upstream executed segments cross obstacle interiors in Stage 1 reproduction
"_map_bugtrap.csv:200,200:r30",_map_bugtrap.csv,50d59ed7ff96cbd7e6c45912691c59bd2568f9e4e00a018a492ed1b005799cf8,0,0,200,200,30,0.5,upstream_bundle_asp,not_run_validity_gate,,,,upstream executed segments cross obstacle interiors in Stage 1 reproduction
"_map_bugtrap.csv:200,200:r30",_map_bugtrap.csv,50d59ed7ff96cbd7e6c45912691c59bd2568f9e4e00a018a492ed1b005799cf8,0,0,200,200,30,0.5,our_continuous_astar,not_run_validity_gate,,,,upstream executed segments cross obstacle interiors in Stage 1 reproduction
