cohort,snapshot_id,source_map,decision_index_0based,sensor_radius,start,target,source_graph_nodes,source_graph_edges,source_skeleton_vertices,source_skeleton_length,sight_count,asp_found,astar_found,astar_graph_nodes,astar_graph_edges,astar_expanded_nodes,asp_core_median_ms,asp_critical_median_ms,asp_optimization_median_ms,astar_build_median_ms,astar_core_median_ms,asp_planned_length,asp_turns,asp_turns_over_15deg,asp_interior_collision_segments,asp_boundary_contact_records,asp_minimum_obstacle_clearance,asp_observed_space_certified,asp_endpoint_error,asp_interior_only_valid,asp_strict_boundary_valid,asp_radius_0_5_clearance_valid,astar_planned_length,astar_turns,astar_turns_over_15deg,astar_interior_collision_segments,astar_boundary_contact_records,astar_minimum_obstacle_clearance,astar_observed_space_certified,astar_endpoint_error,astar_interior_only_valid,astar_strict_boundary_valid,astar_radius_0_5_clearance_valid,astar_minus_asp_length,astar_minus_asp_turns,asp_length,astar_length
robot-local-benchmark,_map_deadend-03,_map_deadend.csv,3,20.0,"[26.158043373, 38.4317822412]","[19.6355890808, -3.8004791077]",10,9,5,79.99999999997232,4,True,True,5,4,5,62.655,0.24509429931640625,62.399864196777344,1.6622,0.0041,58.17105094976221,5,5,0,2,0.0,True,0.0,True,False,False,79.99999999997232,3,3,0,0,0.6247707059541879,True,0.0,True,True,True,21.828949050210106,-2,58.17105094976221,79.99999999997232
robot-local-benchmark,_map_deadend-05,_map_deadend.csv,5,20.0,"[29.781401685, 13.4350216567]","[-14.9676961384, 34.0246177948]",12,11,5,79.99999999997662,6,True,True,7,7,4,14.1458,0.21696090698242188,13.918638229370117,5.1831,0.006,64.01835825959382,4,2,0,0,0.34034131100405424,True,0.0,True,True,False,77.1713134522931,2,2,0,0,2.186251204940645,True,0.0,True,True,True,13.152955192699281,-2,64.01835825959382,77.1713134522931
robot-local-benchmark,_map_deadend-10,_map_deadend.csv,10,20.0,"[40.5194607514, 43.8602511262]","[14.6788758165, 46.5702106279]",22,21,5,79.9999999999284,11,True,True,12,15,5,3.0337,0.15974044799804688,2.8634071350097656,25.9549,0.0226,61.54642821175129,8,5,0,7,0.0,True,0.0,True,False,False,79.9999999999284,3,3,0,0,1.2728158537457033,True,0.0,True,True,True,18.453571788177115,-5,61.54642821175129,79.9999999999284
robot-local-benchmark,_map_deadend-11,_map_deadend.csv,11,20.0,"[14.6788758165, 46.5702106279]","[4.9567089108, 35.7618809971]",22,21,4,59.99999999991939,12,True,True,13,17,3,15.607,0.3020763397216797,15.275239944458008,33.2093,0.0181,38.20178599268469,3,3,0,0,0.28464364738942427,True,0.0,True,True,False,38.27246251815797,1,1,0,0,0.0674342631811836,True,0.0,True,True,False,0.07067652547328152,-2,38.20178599268469,38.27246251815797
robot-local-benchmark,_map_deadend-12,_map_deadend.csv,12,20.0,"[4.9567089108, 35.7618809971]","[-16.0449473377, 67.7493505923]",22,21,4,59.9999999998914,13,True,True,14,24,2,1.3954,0.19931793212890625,1.1925697326660156,81.7713,0.0296,43.50347696141516,2,1,0,0,2.4531837275436885,True,0.0,True,True,True,38.26575200207104,0,0,0,0,0.1415285239782124,True,0.0,True,True,False,-5.237724959344121,-2,43.50347696141516,38.26575200207104
robot-local-benchmark,_map_bugtrap-12,_map_bugtrap.csv,12,20.0,"[153.8682042331, 116.7681230208]","[74.8138797609, -5.2756482706]",27,26,11,200.00000000001307,13,True,True,14,32,9,552.0485,1.6999244689941406,550.227165222168,89.1144,0.0374,167.6711613633241,58,5,0,2,0.0,True,0.0,True,False,False,169.32509350576038,4,4,0,0,0.3328824645197427,True,0.0,True,True,False,1.6539321424362754,-54,167.6711613633241,169.32509350576038
robot-local-extension,_map_bugtrap_1-12,_map_bugtrap_1.csv,12,20.0,"[153.8682042331, 116.7681230208]","[74.8138797609, -5.2756482706]",27,26,11,200.00000000001307,13,True,True,14,32,9,563.6982,1.5599727630615234,561.5344047546387,48.6625,0.0263,167.67088601114807,58,5,0,2,0.0,True,0.0,True,False,False,169.32509350576038,4,4,0,0,0.3328824645197427,True,0.0,True,True,False,1.654207494612308,-54,167.67088601114807,169.32509350576038
robot-local-final-extension,P01-_map_deadend-07,_map_deadend.csv,7,10.0,"[37.0145316917, 18.1113247606]","[-2.588190451, 9.6592582629]",16,15,9,79.99999999990456,8,True,True,9,15,6,78.1761,0.31948089599609375,77.84485816955566,5.3419,0.0093,56.8414484046449,9,6,0,4,0.0,True,0.0,True,False,False,64.36905386168566,4,4,0,0,0.05516950299999906,True,0.0,True,True,False,7.527605457040757,-5,56.8414484046449,64.36905386168566
robot-local-final-extension,P01-_map_deadend-12,_map_deadend.csv,12,10.0,"[26.3171293089, 34.9029023308]","[9.6592582629, -2.588190451]",24,23,7,60.0000000000646,13,True,True,14,29,6,175.8608,0.6458759307861328,174.97539520263672,22.7495,0.0222,50.74027847259112,4,2,0,0,0.38702617500019304,True,0.0,True,True,False,55.96407356878086,2,2,0,0,0.7391679766900027,True,0.0,True,True,True,5.22379509618974,-2,50.74027847259112,55.96407356878086
robot-local-final-extension,P01-_map_deadend-19,_map_deadend.csv,19,10.0,"[44.9538084412, 11.2146402398]","[46.9257153633, -5.5220086503]",41,40,4,30.000000000008555,20,True,True,21,83,2,1.6411,0.1876354217529297,1.4467239379882812,70.176,0.0323,19.251556190426268,2,2,0,0,0.4342626090800028,True,0.0,True,True,False,16.852413268725385,0,0,0,0,0.4342626090800028,True,0.0,True,True,False,-2.399142921700882,-2,19.251556190426268,16.852413268725385
robot-local-final-extension,P01-_map_deadend-30,_map_deadend.csv,30,10.0,"[87.7916550448, 31.737251244]","[105.1635973388, 12.6358884303]",67,66,5,39.99999999995744,31,True,True,32,161,3,78.5654,0.4093647003173828,78.15313339233398,425.109,0.0462,30.44234667762998,2,1,0,0,0.14093674452135838,True,0.0,True,True,False,27.858024619369075,1,1,0,0,0.965209767551886,True,0.0,True,True,True,-2.5843220582609057,-1,30.44234667762998,27.858024619369075
robot-local-final-extension,P02-_map_deadend-01,_map_deadend.csv,1,30.0,"[29.2737919864, 6.5608766745]","[28.5688829102, -9.1552678422]",8,7,3,60.00000000000257,2,True,True,3,2,3,2.4766,0.10776519775390625,2.393007278442383,0.6962,0.0051,15.734297713782887,1,0,0,2,0.0,True,0.0,True,False,False,60.00000000000257,1,1,0,0,0.429870240083779,True,0.0,True,True,False,44.265702286219685,0,15.734297713782887,60.00000000000257
robot-local-final-extension,P03-_map_bugtrap-10,_map_bugtrap.csv,10,10.0,"[76.4185992666, 62.7289552602]","[18.6250129847, 30.8724616986]",22,27,9,80.00000000003548,11,True,True,12,61,7,242.9951,1.035451889038086,241.9888973236084,42.1023,0.0396,71.6488820458753,33,1,0,0,1.3098767558780426,True,0.0,True,True,True,69.04914593738513,1,1,0,0,0.021669427129588966,True,0.0,True,True,False,-2.5997361084901627,-32,71.6488820458753,69.04914593738513
robot-local-final-extension,P03-_map_bugtrap-24,_map_bugtrap.csv,24,10.0,"[100.5231491461, 81.9258394534]","[18.257689871, 57.8924577277]",44,49,13,120.0000000002173,25,True,True,26,126,5,372.7948,1.5532970428466797,371.0782527923584,385.0234,0.052,104.17389701972853,45,3,0,0,1.0414247117949416,True,0.0,True,True,True,97.0892790938115,2,2,0,0,1.0414247117949416,True,0.0,True,True,True,-7.08461792591703,-43,104.17389701972853,97.0892790938115
robot-local-final-extension,P03-_map_bugtrap-34,_map_bugtrap.csv,34,10.0,"[37.3048638172, 107.3943658945]","[11.3257053412, 99.4737907913]",63,68,6,49.99999999991154,35,True,True,36,184,2,7.9456,0.3020763397216797,7.620811462402344,799.4588,0.0531,35.61011679599593,2,1,0,0,0.21267671043636346,True,0.0,True,True,False,27.159753038025848,0,0,0,0,0.21267671043636346,True,0.0,True,True,False,-8.45036375797008,-2,35.61011679599593,27.159753038025848
robot-local-final-extension,P03-_map_bugtrap-42,_map_bugtrap.csv,42,10.0,"[55.04906673, 126.526585739]","[7.9729070665, 129.1593788202]",77,82,7,60.00000000010887,43,True,True,44,233,2,14.3399,0.4553794860839844,13.899087905883789,1642.0716,0.065,50.43550196517331,3,1,0,0,1.7518704917824734,True,0.0,True,True,True,47.14972330853872,0,0,0,0,0.2890946328901173,True,0.0,True,True,False,-3.285778656634591,-3,50.43550196517331,47.14972330853872
robot-local-final-extension,P04-_map_bugtrap-03,_map_bugtrap.csv,3,30.0,"[69.0441894884, 57.4166438422]","[-7.7645713531, 28.9777747887]",10,9,5,120.00000000012025,4,True,True,5,8,4,162.6732,0.5075931549072266,162.156343460083,6.8636,0.0216,97.17705804886114,24,2,0,0,5.453951205847301,True,0.0,True,True,True,89.9874347181256,1,1,0,0,5.518106713144698,True,0.0,True,True,True,-7.189623330735543,-23,97.17705804886114,89.9874347181256
robot-local-final-extension,P04-_map_bugtrap-08,_map_bugtrap.csv,8,30.0,"[85.648663381, 98.0176613886]","[28.9777747887, -7.7645713531]",17,16,7,179.99999999999267,9,True,True,10,23,5,299.2334,0.9255409240722656,298.33507537841797,98.6551,0.045,156.39162439067735,39,3,0,0,0.5279797654077573,True,0.0,True,True,True,154.7082802207462,1,1,0,0,0.5067366989446812,True,0.0,True,True,True,-1.6833441699311606,-38,156.39162439067735,154.7082802207462
robot-local-final-extension,P04-_map_bugtrap-13,_map_bugtrap.csv,13,30.0,"[124.3855967985, 56.7555819406]","[88.6414993736, -7.8214069222]",26,25,5,120.00000000003843,14,True,True,15,38,4,167.5938,0.5784034729003906,167.0091152191162,243.4355,0.0352,94.63672998523717,27,1,0,0,4.3152534134605,True,0.0,True,True,True,83.92970016466553,1,1,0,0,2.2026263330875078,True,0.0,True,True,True,-10.707029820571634,-26,94.63672998523717,83.92970016466553
robot-local-final-extension,P06-_map_blocks_1-04,_map_blocks_1.csv,4,20.0,"[46.9237914262, 38.9688103865]","[29.8279221925, 38.0604954065]",14,13,3,39.99999999995231,5,True,True,6,10,2,0.2695,0.07033348083496094,0.194549560546875,1.3895,0.0142,17.11998192051214,0,0,0,0,1.031189613499997,True,0.0,True,True,True,17.11998192051214,0,0,0,0,1.031189613499997,True,0.0,True,True,True,0.0,0,17.11998192051214,17.11998192051214
robot-local-final-extension,P10-_map-07,_map.csv,7,20.0,"[57.3822786763, 72.1456658591]","[91.9603961309, 78.9495136696]",19,18,3,39.99999999994105,8,True,True,9,24,2,0.2885,0.07152557373046875,0.21219253540039062,7.5983,0.0161,35.24114855864602,0,0,0,0,1.3774897311813339,True,0.0,True,True,True,35.24114855864602,0,0,0,0,1.3774897192971813,True,0.0,True,True,True,0.0,0,35.24114855864602,35.24114855864602
