snapshot_id,method,samples,minimum_ms,p25_ms,median_ms,p75_ms,maximum_ms
P01-_map_deadend-07,authors_asp_python_core,31,75.6785,77.0582,78.1761,79.16795,153.7069
P01-_map_deadend-12,authors_asp_python_core,31,140.9981,158.79989999999998,175.8608,188.6723,292.1527
P01-_map_deadend-19,authors_asp_python_core,31,1.5356,1.5563500000000001,1.6411,1.8510499999999999,4.943
P01-_map_deadend-30,authors_asp_python_core,31,59.17,69.70005,78.5654,90.57215,151.3069
P02-_map_deadend-01,authors_asp_python_core,31,1.89,2.0772,2.4766,3.12045,12.7565
P03-_map_bugtrap-10,authors_asp_python_core,31,223.0296,233.06005,242.9951,286.549,435.7809
P03-_map_bugtrap-24,authors_asp_python_core,31,316.3079,337.7193,372.7948,404.2195,485.0988
P03-_map_bugtrap-34,authors_asp_python_core,31,7.7078,7.774100000000001,7.9456,8.1371,10.9044
P03-_map_bugtrap-42,authors_asp_python_core,31,13.5018,13.831900000000001,14.3399,15.0671,18.4854
P04-_map_bugtrap-03,authors_asp_python_core,31,147.6118,154.15305,162.6732,175.3875,239.1813
P04-_map_bugtrap-08,authors_asp_python_core,31,272.2387,280.1385,299.2334,325.59024999999997,377.2819
P04-_map_bugtrap-13,authors_asp_python_core,31,157.278,162.28995,167.5938,186.90550000000002,204.4448
P06-_map_blocks_1-04,authors_asp_python_core,31,0.2603,0.2645,0.2695,0.27549999999999997,0.3255
P10-_map-07,authors_asp_python_core,31,0.2747,0.28169999999999995,0.2885,0.2996,0.3818
P01-_map_deadend-07,our_astar_link_build,31,5.1223,5.289,5.3419,5.425050000000001,6.7636
P01-_map_deadend-12,our_astar_link_build,31,21.7345,22.39945,22.7495,23.34135,25.2399
P01-_map_deadend-19,our_astar_link_build,31,65.4166,67.6296,70.176,119.23105,135.3494
P01-_map_deadend-30,our_astar_link_build,31,385.6645,399.53225,425.109,451.5216,621.0405
P02-_map_deadend-01,our_astar_link_build,31,0.6839,0.6897500000000001,0.6962,0.7171000000000001,0.7517
P03-_map_bugtrap-10,our_astar_link_build,31,37.9956,39.709050000000005,42.1023,46.50865,72.0687
P03-_map_bugtrap-24,our_astar_link_build,31,359.5243,370.14245,385.0234,406.00775,486.2553
P03-_map_bugtrap-34,our_astar_link_build,31,435.82,462.37480000000005,799.4588,907.17065,1143.07
P03-_map_bugtrap-42,our_astar_link_build,31,1328.7729,1550.8996,1642.0716,1714.2264,1985.6024
P04-_map_bugtrap-03,our_astar_link_build,31,6.1569,6.30135,6.8636,8.986799999999999,23.8718
P04-_map_bugtrap-08,our_astar_link_build,31,62.2066,82.1462,98.6551,109.0226,148.4149
P04-_map_bugtrap-13,our_astar_link_build,31,190.7163,215.85565,243.4355,272.69845,316.7238
P06-_map_blocks_1-04,our_astar_link_build,31,0.8831,0.98915,1.3895,1.69675,2.0131
P10-_map-07,our_astar_link_build,31,7.3612,7.48545,7.5983,8.50005,13.6708
P01-_map_deadend-07,our_astar_cpp_binding,31,0.0067,0.0076500000000000005,0.0093,0.013049999999999999,0.0211
P01-_map_deadend-12,our_astar_cpp_binding,31,0.0144,0.02005,0.0222,0.025349999999999998,0.0294
P01-_map_deadend-19,our_astar_cpp_binding,31,0.0227,0.025849999999999998,0.0323,0.038,0.0446
P01-_map_deadend-30,our_astar_cpp_binding,31,0.0423,0.04475,0.0462,0.04915,0.068
P02-_map_deadend-01,our_astar_cpp_binding,31,0.0046,0.00475,0.0051,0.00715,0.0095
P03-_map_bugtrap-10,our_astar_cpp_binding,31,0.0303,0.0371,0.0396,0.0414,0.0528
P03-_map_bugtrap-24,our_astar_cpp_binding,31,0.0459,0.0489,0.052,0.05715,0.1142
P03-_map_bugtrap-34,our_astar_cpp_binding,31,0.0332,0.04005,0.0531,0.05615,0.2448
P03-_map_bugtrap-42,our_astar_cpp_binding,31,0.0571,0.0608,0.065,0.07694999999999999,0.0995
P04-_map_bugtrap-03,our_astar_cpp_binding,31,0.0145,0.0189,0.0216,0.024050000000000002,0.0571
P04-_map_bugtrap-08,our_astar_cpp_binding,31,0.0297,0.03375,0.045,0.0504,0.0929
P04-_map_bugtrap-13,our_astar_cpp_binding,31,0.0305,0.0326,0.0352,0.04625,0.0747
P06-_map_blocks_1-04,our_astar_cpp_binding,31,0.0067,0.0093,0.0142,0.017,0.031
P10-_map-07,our_astar_cpp_binding,31,0.0097,0.0144,0.0161,0.0235,0.0462
