case,radius,policy,status,success,executed_distance,local_audit_probes,astar_calls,expanded_nodes,recoveries,certified_returns,fallback_returns,ranking_ms,planning_ms,sensing_ms,wall_ms,frames
lab23,5,baseline,goal_reached,True,139.321215,7,45,90,11,11,0,,0.792,481.351,693.395,159
lab23,5,radar,goal_reached,True,78.576569,0,19,39,1,1,0,255.071,0.29,203.5,486.249,63
lab23,7,baseline,goal_reached,True,283.755362,,76,156,24,24,0,,1.922,1387.947,2330.79,280
lab23,7,radar,goal_reached,True,139.928095,,24,49,2,2,0,1018.908,0.503,841.147,1982.922,80
lab17,5,baseline,goal_reached,True,120.190728,,35,70,4,4,0,,0.933,872.593,1282.498,115
lab17,5,radar,goal_reached,True,82.600494,,19,40,1,1,0,566.425,2.523,480.883,1104.643,63
lab17,7,baseline,goal_reached,True,274.334201,,60,128,19,19,0,,1.586,2253.297,2943.144,224
lab17,7,radar,goal_reached,True,100.627139,,19,38,0,0,0,653.812,0.374,630.743,1348.062,59
lab_complex,5,baseline,goal_reached,True,370.767344,,124,260,42,42,0,,6.123,3540.166,9771.894,466
lab_complex,5,radar,goal_reached,True,236.463271,,47,111,4,4,0,3348.289,1.399,1472.808,5764.985,171
lab_complex,7,baseline,goal_reached,True,97.044199,,22,44,3,3,0,,0.475,1036.51,1274.479,74
lab_complex,7,radar,goal_reached,True,167.81589,,31,64,1,1,0,5366.937,0.754,1112.753,6720.559,101
lab2026,5,baseline,goal_reached,True,158.585608,,45,91,9,9,0,,1.264,1006.877,1508.438,157
lab2026,5,radar,goal_reached,True,91.583896,,24,48,2,2,0,713.04,0.513,566.917,1377.91,78
lab2026,7,baseline,goal_reached,True,177.7696,,41,82,8,8,0,,0.947,1398.31,1795.155,141
lab2026,7,radar,goal_reached,True,77.364098,,14,28,0,0,0,336.282,0.261,405.685,772.865,44
indoor_apartment,5,baseline,goal_reached,True,189.246265,,50,102,11,11,0,,1.64,637.696,1079.2,176
indoor_apartment,5,radar,goal_reached,True,137.26791,,35,72,4,4,0,428.492,0.905,433.254,1027.784,117
indoor_apartment,7,baseline,goal_reached,True,248.373976,,50,101,13,13,0,,1.517,713.588,1147.241,180
indoor_apartment,7,radar,goal_reached,True,147.859311,,30,64,4,4,0,462.845,0.678,402.436,980.493,104
indoor_office,5,baseline,goal_reached,True,181.356248,,51,102,11,11,0,,1.67,693.136,1327.279,177
indoor_office,5,radar,goal_reached,True,122.017606,,32,64,2,2,0,447.708,0.848,413.183,999.333,102
indoor_office,7,baseline,goal_reached,True,625.728556,,117,234,36,36,0,,11.999,2126.297,5627.893,425
indoor_office,7,radar,goal_reached,True,238.537049,,48,96,3,3,0,889.867,1.781,550.564,1831.151,152
indoor_challenge,5,baseline,goal_reached,True,129.956506,,35,70,6,6,0,,0.815,416.037,745.463,119
indoor_challenge,5,radar,goal_reached,True,94.643529,,23,46,0,0,0,293.98,0.395,261.843,632.52,71
indoor_challenge,7,baseline,goal_reached,True,137.892582,,27,54,3,3,0,,0.496,302.42,448.088,89
indoor_challenge,7,radar,goal_reached,True,109.168322,,21,42,0,0,0,267.631,0.442,291.111,620.409,65
