decision,frames,position,action,selected_target,parent_anchor,parent_available,selected_return_anchor_available,ancestry,stack_depth,active_valid_candidates,active_candidate_details,known_free_area,scan_count,observed_wall_fragments_at_decision,astar_found,graph_nodes,graph_edges,verified_link_change,planned_length,executed_distance,movement,new_free_area_after_move,new_scan_positions,return_trigger,fallback,episode_status
1,0-2,"[22.40907370532219, 7.376976721363156]",explore,"[21.040120391850262, 5.00588002924002]",,,,"[{""x"":22.409074,""y"":7.376977,""history_index"":0,""candidate_count"":5,""available"":5}]",1,5,"[{""x"":21.210139,""y"":6.684772,""valid"":true,""deferred"":false,""unknown_disk_area"":57.659892},{""x"":21.04012,""y"":5.00588,""valid"":true,""deferred"":false,""unknown_disk_area"":58.730534},{""x"":22.409074,""y"":3.276977,""valid"":true,""deferred"":false,""unknown_disk_area"":40.555375},{""x"":23.479872,""y"":5.5223,""valid"":true,""deferred"":false,""unknown_disk_area"":38.798638},{""x"":23.51947,""y"":6.735889,""valid"":true,""deferred"":false,""unknown_disk_area"":38.421691}]",15.301500,1,14,True,2,1,1,2.737907,2.737907,"[[[22.409074,7.376977],[21.04012,5.00588],""explore""]]",2.793190,1,,,goal_reached
2,3-5,"[21.040120391850262, 5.00588002924002]",explore,"[21.040120391850262, 1.472843066059458]","[22.409074, 7.376977]",4,,"[{""x"":22.409074,""y"":7.376977,""history_index"":0,""candidate_count"":4,""available"":4},{""x"":21.04012,""y"":5.00588,""history_index"":1,""candidate_count"":6,""available"":5}]",2,5,"[{""x"":23.386292,""y"":5.00588,""valid"":true,""deferred"":false,""unknown_disk_area"":36.892028},{""x"":23.508195,""y"":6.430824,""valid"":true,""deferred"":false,""unknown_disk_area"":36.403466},{""x"":22.930097,""y"":8.279415,""valid"":false,""deferred"":false,""unknown_disk_area"":46.822818},{""x"":21.04012,""y"":1.472843,""valid"":true,""deferred"":false,""unknown_disk_area"":37.090044},{""x"":23.03985,""y"":1.542247,""valid"":true,""deferred"":false,""unknown_disk_area"":26.212719},{""x"":23.664552,""y"":3.490664,""valid"":true,""deferred"":false,""unknown_disk_area"":28.945362}]",18.094689,2,25,True,3,3,2,3.533037,3.533037,"[[[21.04012,5.00588],[21.04012,1.472843],""explore""]]",12.347528,1,,,goal_reached
3,6-8,"[21.040120391850262, 1.472843066059458]",explore,"[17.489416236334066, 3.522843066059459]","[21.04012, 5.00588]",4,,"[{""x"":22.409074,""y"":7.376977,""history_index"":0,""candidate_count"":4,""available"":4},{""x"":21.04012,""y"":5.00588,""history_index"":1,""candidate_count"":4,""available"":4},{""x"":21.04012,""y"":1.472843,""history_index"":2,""candidate_count"":7,""available"":6}]",3,6,"[{""x"":23.033056,""y"":1.472843,""valid"":true,""deferred"":false,""unknown_disk_area"":19.43673},{""x"":23.771847,""y"":3.050006,""valid"":true,""deferred"":false,""unknown_disk_area"":21.906413},{""x"":23.09012,""y"":5.023547,""valid"":true,""deferred"":false,""unknown_disk_area"":34.672248},{""x"":21.04012,""y"":5.518998,""valid"":false,""deferred"":false,""unknown_disk_area"":45.529687},{""x"":19.822563,""y"":3.581714,""valid"":true,""deferred"":false,""unknown_disk_area"":42.548605},{""x"":17.489416,""y"":3.522843,""valid"":true,""deferred"":false,""unknown_disk_area"":52.12917},{""x"":17.041625,""y"":1.472843,""valid"":true,""deferred"":false,""unknown_disk_area"":38.740124}]",30.442217,3,25,True,4,4,1,4.100000,4.100000,"[[[21.04012,1.472843],[17.489416,3.522843],""explore""]]",18.904698,1,,,goal_reached
4,9-11,"[17.489416236334066, 3.522843066059459]",explore,"[17.489416236334066, 7.622843066059459]","[21.04012, 1.472843]",5,,"[{""x"":22.409074,""y"":7.376977,""history_index"":0,""candidate_count"":4,""available"":4},{""x"":21.04012,""y"":5.00588,""history_index"":1,""candidate_count"":4,""available"":4},{""x"":21.04012,""y"":1.472843,""history_index"":2,""candidate_count"":5,""available"":5},{""x"":17.489416,""y"":3.522843,""history_index"":3,""candidate_count"":10,""available"":10}]",4,10,"[{""x"":21.589416,""y"":3.522843,""valid"":true,""deferred"":false,""unknown_disk_area"":29.365873},{""x"":18.784152,""y"":4.270359,""valid"":true,""deferred"":false,""unknown_disk_area"":32.798526},{""x"":18.721303,""y"":5.656534,""valid"":true,""deferred"":false,""unknown_disk_area"":36.970415},{""x"":17.489416,""y"":7.622843,""valid"":true,""deferred"":false,""unknown_disk_area"":57.016538},{""x"":16.454771,""y"":5.314901,""valid"":true,""deferred"":false,""unknown_disk_area"":46.999201},{""x"":13.389416,""y"":3.522843,""valid"":true,""deferred"":false,""unknown_disk_area"":52.376886},{""x"":14.819717,""y"":1.981491,""valid"":true,""deferred"":false,""unknown_disk_area"":35.632116},{""x"":16.45637,""y"":1.733554,""valid"":true,""deferred"":false,""unknown_disk_area"":28.292691},{""x"":17.489416,""y"":1.452563,""valid"":true,""deferred"":false,""unknown_disk_area"":23.72178},{""x"":18.745586,""y"":1.347093,""valid"":true,""deferred"":false,""unknown_disk_area"":21.839916}]",49.346915,4,31,True,5,5,1,4.100000,4.100000,"[[[17.489416,3.522843],[17.489416,7.622843],""explore""]]",10.028738,1,,,goal_reached
5,12-14,"[17.489416236334066, 7.622843066059459]",explore,"[17.489416236334066, 11.722843066059458]","[17.489416, 3.522843]",9,,"[{""x"":22.409074,""y"":7.376977,""history_index"":0,""candidate_count"":4,""available"":4},{""x"":21.04012,""y"":5.00588,""history_index"":1,""candidate_count"":4,""available"":4},{""x"":21.04012,""y"":1.472843,""history_index"":2,""candidate_count"":5,""available"":5},{""x"":17.489416,""y"":3.522843,""history_index"":3,""candidate_count"":9,""available"":9},{""x"":17.489416,""y"":7.622843,""history_index"":4,""candidate_count"":8,""available"":7}]",5,7,"[{""x"":18.692546,""y"":9.706725,""valid"":true,""deferred"":false,""unknown_disk_area"":55.169915},{""x"":17.489416,""y"":11.722843,""valid"":true,""deferred"":false,""unknown_disk_area"":64.310452},{""x"":16.45295,""y"":9.418055,""valid"":true,""deferred"":false,""unknown_disk_area"":59.099229},{""x"":16.318221,""y"":8.299033,""valid"":true,""deferred"":false,""unknown_disk_area"":54.687626},{""x"":16.257496,""y"":7.622843,""valid"":false,""deferred"":false,""unknown_disk_area"":51.139746},{""x"":16.313307,""y"":6.943816,""valid"":true,""deferred"":false,""unknown_disk_area"":47.648078},{""x"":16.43253,""y"":5.792262,""valid"":true,""deferred"":false,""unknown_disk_area"":43.359529},{""x"":18.757432,""y"":5.426575,""valid"":true,""deferred"":false,""unknown_disk_area"":32.024632}]",59.375653,5,20,True,6,7,2,4.100000,4.100000,"[[[17.489416,7.622843],[17.489416,11.722843],""explore""]]",18.881130,1,,,goal_reached
6,15-17,"[17.489416236334066, 11.722843066059458]",explore,"[17.489416236334066, 15.822843066059457]","[17.489416, 7.622843]",6,,"[{""x"":22.409074,""y"":7.376977,""history_index"":0,""candidate_count"":4,""available"":4},{""x"":21.04012,""y"":5.00588,""history_index"":1,""candidate_count"":4,""available"":4},{""x"":21.04012,""y"":1.472843,""history_index"":2,""candidate_count"":5,""available"":5},{""x"":17.489416,""y"":3.522843,""history_index"":3,""candidate_count"":9,""available"":9},{""x"":17.489416,""y"":7.622843,""history_index"":4,""candidate_count"":6,""available"":6},{""x"":17.489416,""y"":11.722843,""history_index"":5,""candidate_count"":9,""available"":9}]",6,9,"[{""x"":21.589416,""y"":11.722843,""valid"":true,""deferred"":false,""unknown_disk_area"":46.279948},{""x"":21.04012,""y"":13.772843,""valid"":true,""deferred"":false,""unknown_disk_area"":50.465945},{""x"":18.719227,""y"":13.852939,""valid"":true,""deferred"":false,""unknown_disk_area"":50.892266},{""x"":17.489416,""y"":15.822843,""valid"":true,""deferred"":false,""unknown_disk_area"":57.817528},{""x"":16.146825,""y"":14.048279,""valid"":true,""deferred"":false,""unknown_disk_area"":55.058089},{""x"":16.236559,""y"":12.446181,""valid"":true,""deferred"":false,""unknown_disk_area"":50.355784},{""x"":16.452211,""y"":9.926351,""valid"":true,""deferred"":false,""unknown_disk_area"":50.389561},{""x"":18.693227,""y"":9.637782,""valid"":true,""deferred"":false,""unknown_disk_area"":41.768185},{""x"":18.645708,""y"":11.055258,""valid"":true,""deferred"":false,""unknown_disk_area"":44.580439}]",78.256782,6,31,True,7,10,3,4.100000,4.100000,"[[[17.489416,11.722843],[17.489416,15.822843],""explore""]]",4.620013,1,,,goal_reached
7,18-20,"[17.489416236334066, 15.822843066059457]",explore,"[17.489416236334066, 18.732466799802253]","[17.489416, 11.722843]",8,,"[{""x"":22.409074,""y"":7.376977,""history_index"":0,""candidate_count"":4,""available"":4},{""x"":21.04012,""y"":5.00588,""history_index"":1,""candidate_count"":4,""available"":4},{""x"":21.04012,""y"":1.472843,""history_index"":2,""candidate_count"":5,""available"":5},{""x"":17.489416,""y"":3.522843,""history_index"":3,""candidate_count"":9,""available"":9},{""x"":17.489416,""y"":7.622843,""history_index"":4,""candidate_count"":6,""available"":6},{""x"":17.489416,""y"":11.722843,""history_index"":5,""candidate_count"":8,""available"":8},{""x"":17.489416,""y"":15.822843,""history_index"":6,""candidate_count"":8,""available"":8}]",7,8,"[{""x"":18.510228,""y"":17.590941,""valid"":true,""deferred"":false,""unknown_disk_area"":61.251906},{""x"":17.489416,""y"":18.732467,""valid"":true,""deferred"":false,""unknown_disk_area"":66.722889},{""x"":16.32521,""y"":17.839307,""valid"":true,""deferred"":false,""unknown_disk_area"":64.502872},{""x"":16.217601,""y"":16.557126,""valid"":true,""deferred"":false,""unknown_disk_area"":59.787159},{""x"":16.211175,""y"":15.822843,""valid"":true,""deferred"":false,""unknown_disk_area"":56.658369},{""x"":16.192061,""y"":15.073814,""valid"":true,""deferred"":false,""unknown_disk_area"":53.749714},{""x"":16.152915,""y"":13.507955,""valid"":true,""deferred"":false,""unknown_disk_area"":49.508309},{""x"":18.474707,""y"":14.116269,""valid"":true,""deferred"":false,""unknown_disk_area"":46.755554}]",82.876795,7,22,True,8,14,4,2.909624,2.909624,"[[[17.489416,15.822843],[17.489416,18.732467],""explore""]]",0.002275,1,,,goal_reached
8,21-25,"[17.489416236334066, 18.732466799802253]",recover,"[17.489416236334066, 15.822843066059457]","[17.489416, 15.822843]",7,7,"[{""x"":22.409074,""y"":7.376977,""history_index"":0,""candidate_count"":4,""available"":4},{""x"":21.04012,""y"":5.00588,""history_index"":1,""candidate_count"":4,""available"":4},{""x"":21.04012,""y"":1.472843,""history_index"":2,""candidate_count"":5,""available"":5},{""x"":17.489416,""y"":3.522843,""history_index"":3,""candidate_count"":9,""available"":9},{""x"":17.489416,""y"":7.622843,""history_index"":4,""candidate_count"":6,""available"":6},{""x"":17.489416,""y"":11.722843,""history_index"":5,""candidate_count"":8,""available"":8},{""x"":17.489416,""y"":15.822843,""history_index"":6,""candidate_count"":7,""available"":7},{""x"":17.489416,""y"":18.732467,""history_index"":7,""candidate_count"":0,""available"":0}]",8,0,[],82.879070,8,13,True,8,14,0,2.909624,2.909624,"[[[17.489416,18.732467],[17.489416,15.822843],""retreat""]]",0.000000,0,exhausted_branch,False,goal_reached
9,26-28,"[17.489416236334066, 15.822843066059457]",explore,"[16.32521024458525, 17.839306994244517]","[17.489416, 11.722843]",8,,"[{""x"":22.409074,""y"":7.376977,""history_index"":0,""candidate_count"":4,""available"":4},{""x"":21.04012,""y"":5.00588,""history_index"":1,""candidate_count"":4,""available"":4},{""x"":21.04012,""y"":1.472843,""history_index"":2,""candidate_count"":5,""available"":5},{""x"":17.489416,""y"":3.522843,""history_index"":3,""candidate_count"":9,""available"":9},{""x"":17.489416,""y"":7.622843,""history_index"":4,""candidate_count"":6,""available"":6},{""x"":17.489416,""y"":11.722843,""history_index"":5,""candidate_count"":8,""available"":8},{""x"":17.489416,""y"":15.822843,""history_index"":8,""candidate_count"":7,""available"":7}]",7,7,"[{""x"":18.510228,""y"":17.590941,""valid"":true,""deferred"":false,""unknown_disk_area"":61.249631},{""x"":16.32521,""y"":17.839307,""valid"":true,""deferred"":false,""unknown_disk_area"":64.500597},{""x"":16.217601,""y"":16.557126,""valid"":true,""deferred"":false,""unknown_disk_area"":59.784884},{""x"":16.211175,""y"":15.822843,""valid"":true,""deferred"":false,""unknown_disk_area"":56.656094},{""x"":16.192061,""y"":15.073814,""valid"":true,""deferred"":false,""unknown_disk_area"":53.74744},{""x"":16.152915,""y"":13.507955,""valid"":true,""deferred"":false,""unknown_disk_area"":49.507089},{""x"":18.474707,""y"":14.116269,""valid"":true,""deferred"":false,""unknown_disk_area"":46.75328}]",82.879070,8,22,True,9,19,5,2.328412,2.328412,"[[[17.489416,15.822843],[16.32521,17.839307],""explore""]]",0.001305,1,,,goal_reached
10,29-33,"[16.32521024458525, 17.839306994244517]",recover,"[17.489416236334066, 15.822843066059457]","[17.489416, 15.822843]",6,6,"[{""x"":22.409074,""y"":7.376977,""history_index"":0,""candidate_count"":4,""available"":4},{""x"":21.04012,""y"":5.00588,""history_index"":1,""candidate_count"":4,""available"":4},{""x"":21.04012,""y"":1.472843,""history_index"":2,""candidate_count"":5,""available"":5},{""x"":17.489416,""y"":3.522843,""history_index"":3,""candidate_count"":9,""available"":9},{""x"":17.489416,""y"":7.622843,""history_index"":4,""candidate_count"":6,""available"":6},{""x"":17.489416,""y"":11.722843,""history_index"":5,""candidate_count"":8,""available"":8},{""x"":17.489416,""y"":15.822843,""history_index"":8,""candidate_count"":6,""available"":6},{""x"":16.32521,""y"":17.839307,""history_index"":9,""candidate_count"":0,""available"":0}]",8,0,[],82.880375,9,13,True,9,19,0,2.328412,2.328412,"[[[16.32521,17.839307],[17.489416,15.822843],""retreat""]]",0.000000,0,exhausted_branch,False,goal_reached
11,34-36,"[17.489416236334066, 15.822843066059457]",explore,"[18.51022812732629, 17.590941126228454]","[17.489416, 11.722843]",8,,"[{""x"":22.409074,""y"":7.376977,""history_index"":0,""candidate_count"":4,""available"":4},{""x"":21.04012,""y"":5.00588,""history_index"":1,""candidate_count"":4,""available"":4},{""x"":21.04012,""y"":1.472843,""history_index"":2,""candidate_count"":5,""available"":5},{""x"":17.489416,""y"":3.522843,""history_index"":3,""candidate_count"":9,""available"":9},{""x"":17.489416,""y"":7.622843,""history_index"":4,""candidate_count"":6,""available"":6},{""x"":17.489416,""y"":11.722843,""history_index"":5,""candidate_count"":8,""available"":8},{""x"":17.489416,""y"":15.822843,""history_index"":10,""candidate_count"":6,""available"":6}]",7,6,"[{""x"":18.510228,""y"":17.590941,""valid"":true,""deferred"":false,""unknown_disk_area"":61.248327},{""x"":16.217601,""y"":16.557126,""valid"":true,""deferred"":false,""unknown_disk_area"":59.78358},{""x"":16.211175,""y"":15.822843,""valid"":true,""deferred"":false,""unknown_disk_area"":56.654789},{""x"":16.192061,""y"":15.073814,""valid"":true,""deferred"":false,""unknown_disk_area"":53.746135},{""x"":16.152915,""y"":13.507955,""valid"":true,""deferred"":false,""unknown_disk_area"":49.505917},{""x"":18.474707,""y"":14.116269,""valid"":true,""deferred"":false,""unknown_disk_area"":46.751975}]",82.880375,9,22,True,10,25,6,2.041624,2.041624,"[[[17.489416,15.822843],[18.510228,17.590941],""explore""]]",0.001312,1,,,goal_reached
12,37-41,"[18.51022812732629, 17.590941126228454]",recover,"[17.489416236334066, 15.822843066059457]","[17.489416, 15.822843]",5,5,"[{""x"":22.409074,""y"":7.376977,""history_index"":0,""candidate_count"":4,""available"":4},{""x"":21.04012,""y"":5.00588,""history_index"":1,""candidate_count"":4,""available"":4},{""x"":21.04012,""y"":1.472843,""history_index"":2,""candidate_count"":5,""available"":5},{""x"":17.489416,""y"":3.522843,""history_index"":3,""candidate_count"":9,""available"":9},{""x"":17.489416,""y"":7.622843,""history_index"":4,""candidate_count"":6,""available"":6},{""x"":17.489416,""y"":11.722843,""history_index"":5,""candidate_count"":8,""available"":8},{""x"":17.489416,""y"":15.822843,""history_index"":10,""candidate_count"":5,""available"":5},{""x"":18.510228,""y"":17.590941,""history_index"":11,""candidate_count"":0,""available"":0}]",8,0,[],82.881687,10,12,True,10,25,0,2.041624,2.041624,"[[[18.510228,17.590941],[17.489416,15.822843],""retreat""]]",0.000000,0,exhausted_branch,False,goal_reached
13,42-44,"[17.489416236334066, 15.822843066059457]",explore,"[16.217601224401857, 16.557125805557924]","[17.489416, 11.722843]",8,,"[{""x"":22.409074,""y"":7.376977,""history_index"":0,""candidate_count"":4,""available"":4},{""x"":21.04012,""y"":5.00588,""history_index"":1,""candidate_count"":4,""available"":4},{""x"":21.04012,""y"":1.472843,""history_index"":2,""candidate_count"":5,""available"":5},{""x"":17.489416,""y"":3.522843,""history_index"":3,""candidate_count"":9,""available"":9},{""x"":17.489416,""y"":7.622843,""history_index"":4,""candidate_count"":6,""available"":6},{""x"":17.489416,""y"":11.722843,""history_index"":5,""candidate_count"":8,""available"":8},{""x"":17.489416,""y"":15.822843,""history_index"":12,""candidate_count"":5,""available"":5}]",7,5,"[{""x"":16.217601,""y"":16.557126,""valid"":true,""deferred"":false,""unknown_disk_area"":59.782268},{""x"":16.211175,""y"":15.822843,""valid"":true,""deferred"":false,""unknown_disk_area"":56.653478},{""x"":16.192061,""y"":15.073814,""valid"":true,""deferred"":false,""unknown_disk_area"":53.744823},{""x"":16.152915,""y"":13.507955,""valid"":true,""deferred"":false,""unknown_disk_area"":49.504961},{""x"":18.474707,""y"":14.116269,""valid"":true,""deferred"":false,""unknown_disk_area"":46.750663}]",82.881687,10,22,True,11,32,7,1.468566,1.468565,"[[[17.489416,15.822843],[16.217601,16.557126],""explore""]]",0.000966,1,,,goal_reached
14,45-49,"[16.217601224401857, 16.557125805557924]",recover,"[17.489416236334066, 15.822843066059457]","[17.489416, 15.822843]",3,3,"[{""x"":22.409074,""y"":7.376977,""history_index"":0,""candidate_count"":4,""available"":4},{""x"":21.04012,""y"":5.00588,""history_index"":1,""candidate_count"":4,""available"":4},{""x"":21.04012,""y"":1.472843,""history_index"":2,""candidate_count"":5,""available"":5},{""x"":17.489416,""y"":3.522843,""history_index"":3,""candidate_count"":9,""available"":9},{""x"":17.489416,""y"":7.622843,""history_index"":4,""candidate_count"":6,""available"":6},{""x"":17.489416,""y"":11.722843,""history_index"":5,""candidate_count"":8,""available"":8},{""x"":17.489416,""y"":15.822843,""history_index"":12,""candidate_count"":4,""available"":3},{""x"":16.217601,""y"":16.557126,""history_index"":13,""candidate_count"":0,""available"":0}]",8,0,[],82.882652,11,16,True,11,32,0,1.468566,1.468565,"[[[16.217601,16.557126],[17.489416,15.822843],""retreat""]]",0.000000,0,exhausted_branch,False,goal_reached
15,50-52,"[17.489416236334066, 15.822843066059457]",explore,"[16.192060600222504, 15.073814440315768]","[17.489416, 11.722843]",8,,"[{""x"":22.409074,""y"":7.376977,""history_index"":0,""candidate_count"":4,""available"":4},{""x"":21.04012,""y"":5.00588,""history_index"":1,""candidate_count"":4,""available"":4},{""x"":21.04012,""y"":1.472843,""history_index"":2,""candidate_count"":5,""available"":5},{""x"":17.489416,""y"":3.522843,""history_index"":3,""candidate_count"":9,""available"":9},{""x"":17.489416,""y"":7.622843,""history_index"":4,""candidate_count"":6,""available"":6},{""x"":17.489416,""y"":11.722843,""history_index"":5,""candidate_count"":8,""available"":8},{""x"":17.489416,""y"":15.822843,""history_index"":14,""candidate_count"":3,""available"":3}]",7,3,"[{""x"":16.192061,""y"":15.073814,""valid"":true,""deferred"":false,""unknown_disk_area"":53.743857},{""x"":16.152915,""y"":13.507955,""valid"":true,""deferred"":false,""unknown_disk_area"":49.503995},{""x"":18.474707,""y"":14.116269,""valid"":true,""deferred"":false,""unknown_disk_area"":46.749697}]",82.882652,11,22,True,12,40,8,1.498057,1.498057,"[[[17.489416,15.822843],[16.192061,15.073814],""explore""]]",0.000110,1,,,goal_reached
16,53-57,"[16.192060600222504, 15.073814440315768]",recover,"[17.489416236334066, 15.822843066059457]","[17.489416, 15.822843]",2,2,"[{""x"":22.409074,""y"":7.376977,""history_index"":0,""candidate_count"":4,""available"":4},{""x"":21.04012,""y"":5.00588,""history_index"":1,""candidate_count"":4,""available"":4},{""x"":21.04012,""y"":1.472843,""history_index"":2,""candidate_count"":5,""available"":5},{""x"":17.489416,""y"":3.522843,""history_index"":3,""candidate_count"":9,""available"":9},{""x"":17.489416,""y"":7.622843,""history_index"":4,""candidate_count"":6,""available"":6},{""x"":17.489416,""y"":11.722843,""history_index"":5,""candidate_count"":8,""available"":7},{""x"":17.489416,""y"":15.822843,""history_index"":14,""candidate_count"":2,""available"":2},{""x"":16.192061,""y"":15.073814,""history_index"":15,""candidate_count"":0,""available"":0}]",8,0,[],82.882762,12,20,True,12,40,0,1.498057,1.498057,"[[[16.192061,15.073814],[17.489416,15.822843],""retreat""]]",0.000000,0,exhausted_branch,False,goal_reached
17,58-60,"[17.489416236334066, 15.822843066059457]",explore,"[16.152914708779782, 13.507954515942025]","[17.489416, 11.722843]",7,,"[{""x"":22.409074,""y"":7.376977,""history_index"":0,""candidate_count"":4,""available"":4},{""x"":21.04012,""y"":5.00588,""history_index"":1,""candidate_count"":4,""available"":4},{""x"":21.04012,""y"":1.472843,""history_index"":2,""candidate_count"":5,""available"":5},{""x"":17.489416,""y"":3.522843,""history_index"":3,""candidate_count"":9,""available"":9},{""x"":17.489416,""y"":7.622843,""history_index"":4,""candidate_count"":6,""available"":6},{""x"":17.489416,""y"":11.722843,""history_index"":5,""candidate_count"":8,""available"":7},{""x"":17.489416,""y"":15.822843,""history_index"":16,""candidate_count"":2,""available"":2}]",7,2,"[{""x"":16.152915,""y"":13.507955,""valid"":true,""deferred"":false,""unknown_disk_area"":49.503885},{""x"":18.474707,""y"":14.116269,""valid"":true,""deferred"":false,""unknown_disk_area"":46.749587}]",82.882762,12,22,True,13,49,9,2.673002,2.673003,"[[[17.489416,15.822843],[16.152915,13.507955],""explore""]]",0.001506,1,,,goal_reached
18,61-65,"[16.152914708779782, 13.507954515942025]",recover,"[17.489416236334066, 15.822843066059457]","[17.489416, 15.822843]",1,1,"[{""x"":22.409074,""y"":7.376977,""history_index"":0,""candidate_count"":4,""available"":4},{""x"":21.04012,""y"":5.00588,""history_index"":1,""candidate_count"":4,""available"":4},{""x"":21.04012,""y"":1.472843,""history_index"":2,""candidate_count"":5,""available"":5},{""x"":17.489416,""y"":3.522843,""history_index"":3,""candidate_count"":9,""available"":9},{""x"":17.489416,""y"":7.622843,""history_index"":4,""candidate_count"":6,""available"":6},{""x"":17.489416,""y"":11.722843,""history_index"":5,""candidate_count"":8,""available"":6},{""x"":17.489416,""y"":15.822843,""history_index"":16,""candidate_count"":1,""available"":1},{""x"":16.152915,""y"":13.507955,""history_index"":17,""candidate_count"":0,""available"":0}]",8,0,[],82.884268,13,21,True,13,49,0,2.673002,2.673003,"[[[16.152915,13.507955],[17.489416,15.822843],""retreat""]]",0.000000,0,exhausted_branch,False,goal_reached
19,66-68,"[17.489416236334066, 15.822843066059457]",explore,"[18.474707381195657, 14.11626874291147]","[17.489416, 11.722843]",6,,"[{""x"":22.409074,""y"":7.376977,""history_index"":0,""candidate_count"":4,""available"":4},{""x"":21.04012,""y"":5.00588,""history_index"":1,""candidate_count"":4,""available"":4},{""x"":21.04012,""y"":1.472843,""history_index"":2,""candidate_count"":5,""available"":5},{""x"":17.489416,""y"":3.522843,""history_index"":3,""candidate_count"":9,""available"":9},{""x"":17.489416,""y"":7.622843,""history_index"":4,""candidate_count"":6,""available"":6},{""x"":17.489416,""y"":11.722843,""history_index"":5,""candidate_count"":8,""available"":6},{""x"":17.489416,""y"":15.822843,""history_index"":18,""candidate_count"":1,""available"":1}]",7,1,"[{""x"":18.474707,""y"":14.116269,""valid"":true,""deferred"":false,""unknown_disk_area"":46.748081}]",82.884268,13,22,True,14,59,10,1.970582,1.970582,"[[[17.489416,15.822843],[18.474707,14.116269],""explore""]]",0.000625,1,,,goal_reached
20,69-73,"[18.474707381195657, 14.11626874291147]",recover,"[17.489416236334066, 11.722843066059458]","[17.489416, 15.822843]",0,5,"[{""x"":22.409074,""y"":7.376977,""history_index"":0,""candidate_count"":4,""available"":4},{""x"":21.04012,""y"":5.00588,""history_index"":1,""candidate_count"":4,""available"":4},{""x"":21.04012,""y"":1.472843,""history_index"":2,""candidate_count"":5,""available"":5},{""x"":17.489416,""y"":3.522843,""history_index"":3,""candidate_count"":9,""available"":9},{""x"":17.489416,""y"":7.622843,""history_index"":4,""candidate_count"":6,""available"":6},{""x"":17.489416,""y"":11.722843,""history_index"":5,""candidate_count"":8,""available"":5},{""x"":17.489416,""y"":15.822843,""history_index"":18,""candidate_count"":0,""available"":0},{""x"":18.474707,""y"":14.116269,""history_index"":19,""candidate_count"":0,""available"":0}]",8,0,[],82.884893,14,22,True,14,59,0,2.588298,2.588298,"[[[18.474707,14.116269],[17.489416,11.722843],""retreat""]]",0.000000,0,exhausted_branch,False,goal_reached
21,74-76,"[17.489416236334066, 11.722843066059458]",explore,"[16.452210871625933, 9.926350676501968]","[17.489416, 7.622843]",6,,"[{""x"":22.409074,""y"":7.376977,""history_index"":0,""candidate_count"":4,""available"":4},{""x"":21.04012,""y"":5.00588,""history_index"":1,""candidate_count"":4,""available"":4},{""x"":21.04012,""y"":1.472843,""history_index"":2,""candidate_count"":5,""available"":5},{""x"":17.489416,""y"":3.522843,""history_index"":3,""candidate_count"":9,""available"":9},{""x"":17.489416,""y"":7.622843,""history_index"":4,""candidate_count"":6,""available"":6},{""x"":17.489416,""y"":11.722843,""history_index"":20,""candidate_count"":5,""available"":5}]",6,5,"[{""x"":21.589416,""y"":11.722843,""valid"":true,""deferred"":false,""unknown_disk_area"":46.277358},{""x"":21.04012,""y"":13.772843,""valid"":true,""deferred"":false,""unknown_disk_area"":49.128891},{""x"":16.452211,""y"":9.926351,""valid"":true,""deferred"":false,""unknown_disk_area"":50.386722},{""x"":18.693227,""y"":9.637782,""valid"":true,""deferred"":false,""unknown_disk_area"":41.764952},{""x"":18.645708,""y"":11.055258,""valid"":true,""deferred"":false,""unknown_disk_area"":44.576072}]",82.884893,14,31,True,15,69,10,2.074410,2.074411,"[[[17.489416,11.722843],[16.452211,9.926351],""explore""]]",0.000399,1,,,goal_reached
22,77-81,"[16.452210871625933, 9.926350676501968]",recover,"[17.489416236334066, 11.722843066059458]","[17.489416, 11.722843]",4,4,"[{""x"":22.409074,""y"":7.376977,""history_index"":0,""candidate_count"":4,""available"":4},{""x"":21.04012,""y"":5.00588,""history_index"":1,""candidate_count"":4,""available"":4},{""x"":21.04012,""y"":1.472843,""history_index"":2,""candidate_count"":5,""available"":5},{""x"":17.489416,""y"":3.522843,""history_index"":3,""candidate_count"":9,""available"":9},{""x"":17.489416,""y"":7.622843,""history_index"":4,""candidate_count"":6,""available"":5},{""x"":17.489416,""y"":11.722843,""history_index"":20,""candidate_count"":4,""available"":4},{""x"":16.452211,""y"":9.926351,""history_index"":21,""candidate_count"":0,""available"":0}]",7,0,[],82.885292,15,17,True,15,69,0,2.074410,2.074411,"[[[16.452211,9.926351],[17.489416,11.722843],""retreat""]]",0.000000,0,exhausted_branch,False,goal_reached
23,82-84,"[17.489416236334066, 11.722843066059458]",explore,"[21.040120391850262, 13.772843066059457]","[17.489416, 7.622843]",5,,"[{""x"":22.409074,""y"":7.376977,""history_index"":0,""candidate_count"":4,""available"":4},{""x"":21.04012,""y"":5.00588,""history_index"":1,""candidate_count"":4,""available"":4},{""x"":21.04012,""y"":1.472843,""history_index"":2,""candidate_count"":5,""available"":5},{""x"":17.489416,""y"":3.522843,""history_index"":3,""candidate_count"":9,""available"":9},{""x"":17.489416,""y"":7.622843,""history_index"":4,""candidate_count"":6,""available"":5},{""x"":17.489416,""y"":11.722843,""history_index"":22,""candidate_count"":4,""available"":4}]",6,4,"[{""x"":21.589416,""y"":11.722843,""valid"":true,""deferred"":false,""unknown_disk_area"":46.277358},{""x"":21.04012,""y"":13.772843,""valid"":true,""deferred"":false,""unknown_disk_area"":49.128891},{""x"":18.693227,""y"":9.637782,""valid"":true,""deferred"":false,""unknown_disk_area"":41.764553},{""x"":18.645708,""y"":11.055258,""valid"":true,""deferred"":false,""unknown_disk_area"":44.575741}]",82.885292,15,31,True,16,72,3,4.100000,4.100000,"[[[17.489416,11.722843],[21.04012,13.772843],""explore""]]",3.281521,1,,,goal_reached
24,85-87,"[21.040120391850262, 13.772843066059457]",explore,"[19.810195773029633, 11.642551136782345]","[17.489416, 11.722843]",3,,"[{""x"":22.409074,""y"":7.376977,""history_index"":0,""candidate_count"":4,""available"":4},{""x"":21.04012,""y"":5.00588,""history_index"":1,""candidate_count"":4,""available"":4},{""x"":21.04012,""y"":1.472843,""history_index"":2,""candidate_count"":5,""available"":5},{""x"":17.489416,""y"":3.522843,""history_index"":3,""candidate_count"":9,""available"":9},{""x"":17.489416,""y"":7.622843,""history_index"":4,""candidate_count"":6,""available"":5},{""x"":17.489416,""y"":11.722843,""history_index"":22,""candidate_count"":3,""available"":3},{""x"":21.04012,""y"":13.772843,""history_index"":23,""candidate_count"":6,""available"":5}]",7,5,"[{""x"":23.65263,""y"":13.772843,""valid"":true,""deferred"":false,""unknown_disk_area"":40.628584},{""x"":16.94012,""y"":13.772843,""valid"":false,""deferred"":false,""unknown_disk_area"":47.275923},{""x"":19.810196,""y"":11.642551,""valid"":true,""deferred"":false,""unknown_disk_area"":43.195245},{""x"":21.04012,""y"":11.590715,""valid"":true,""deferred"":false,""unknown_disk_area"":42.622728},{""x"":22.323865,""y"":11.549332,""valid"":true,""deferred"":false,""unknown_disk_area"":41.927816},{""x"":23.384724,""y"":12.419186,""valid"":true,""deferred"":false,""unknown_disk_area"":40.398542}]",86.166813,16,21,True,17,78,6,2.459849,2.459849,"[[[21.04012,13.772843],[19.810196,11.642551],""explore""]]",1.974859,1,,,goal_reached
25,88-90,"[19.810195773029633, 11.642551136782345]",explore,"[23.36089992854583, 13.692551136782344]","[21.04012, 13.772843]",3,,"[{""x"":22.409074,""y"":7.376977,""history_index"":0,""candidate_count"":4,""available"":4},{""x"":21.04012,""y"":5.00588,""history_index"":1,""candidate_count"":4,""available"":4},{""x"":21.04012,""y"":1.472843,""history_index"":2,""candidate_count"":5,""available"":5},{""x"":17.489416,""y"":3.522843,""history_index"":3,""candidate_count"":9,""available"":9},{""x"":17.489416,""y"":7.622843,""history_index"":4,""candidate_count"":6,""available"":5},{""x"":17.489416,""y"":11.722843,""history_index"":22,""candidate_count"":3,""available"":3},{""x"":21.04012,""y"":13.772843,""history_index"":23,""candidate_count"":4,""available"":3},{""x"":19.810196,""y"":11.642551,""history_index"":24,""candidate_count"":7,""available"":2}]",8,2,"[{""x"":22.776365,""y"":11.642551,""valid"":true,""deferred"":false,""unknown_disk_area"":39.036129},{""x"":23.3609,""y"":13.692551,""valid"":true,""deferred"":false,""unknown_disk_area"":40.601812},{""x"":21.033029,""y"":13.76056,""valid"":false,""deferred"":false,""unknown_disk_area"":43.860461},{""x"":19.810196,""y"":13.813818,""valid"":false,""deferred"":false,""unknown_disk_area"":43.11651},{""x"":17.760196,""y"":15.193255,""valid"":false,""deferred"":false,""unknown_disk_area"":48.923262},{""x"":16.259492,""y"":13.692551,""valid"":false,""deferred"":false,""unknown_disk_area"":49.331461},{""x"":16.398006,""y"":11.642551,""valid"":false,""deferred"":false,""unknown_disk_area"":48.571373}]",88.141672,17,28,True,18,82,4,4.100000,4.100000,"[[[19.810196,11.642551],[23.3609,13.692551],""explore""]]",8.351545,1,,,goal_reached
26,91-93,"[23.36089992854583, 13.692551136782344]",explore,"[21.31089992854583, 17.243255292298542]","[19.810196, 11.642551]",1,,"[{""x"":22.409074,""y"":7.376977,""history_index"":0,""candidate_count"":4,""available"":4},{""x"":21.04012,""y"":5.00588,""history_index"":1,""candidate_count"":4,""available"":4},{""x"":21.04012,""y"":1.472843,""history_index"":2,""candidate_count"":5,""available"":5},{""x"":17.489416,""y"":3.522843,""history_index"":3,""candidate_count"":9,""available"":9},{""x"":17.489416,""y"":7.622843,""history_index"":4,""candidate_count"":6,""available"":5},{""x"":17.489416,""y"":11.722843,""history_index"":22,""candidate_count"":3,""available"":3},{""x"":21.04012,""y"":13.772843,""history_index"":23,""candidate_count"":4,""available"":2},{""x"":19.810196,""y"":11.642551,""history_index"":24,""candidate_count"":1,""available"":1},{""x"":23.3609,""y"":13.692551,""history_index"":25,""candidate_count"":6,""available"":4}]",9,4,"[{""x"":23.3609,""y"":17.792551,""valid"":true,""deferred"":false,""unknown_disk_area"":41.438711},{""x"":21.3109,""y"":17.243255,""valid"":true,""deferred"":false,""unknown_disk_area"":44.579437},{""x"":21.550511,""y"":14.73778,""valid"":false,""deferred"":false,""unknown_disk_area"":36.704059},{""x"":19.2609,""y"":13.692551,""valid"":false,""deferred"":false,""unknown_disk_area"":35.901326},{""x"":22.123071,""y"":11.548569,""valid"":true,""deferred"":false,""unknown_disk_area"":36.736638},{""x"":23.3609,""y"":12.209221,""valid"":true,""deferred"":false,""unknown_disk_area"":33.199711}]",96.493217,18,27,True,19,83,1,4.100000,4.100000,"[[[23.3609,13.692551],[21.3109,17.243255],""explore""]]",8.638968,1,,,goal_reached
27,94-96,"[21.31089992854583, 17.243255292298542]",explore,"[21.31089992854583, 19.95583438908313]","[23.3609, 13.692551]",3,,"[{""x"":22.409074,""y"":7.376977,""history_index"":0,""candidate_count"":4,""available"":4},{""x"":21.04012,""y"":5.00588,""history_index"":1,""candidate_count"":4,""available"":4},{""x"":21.04012,""y"":1.472843,""history_index"":2,""candidate_count"":5,""available"":5},{""x"":17.489416,""y"":3.522843,""history_index"":3,""candidate_count"":9,""available"":9},{""x"":17.489416,""y"":7.622843,""history_index"":4,""candidate_count"":6,""available"":5},{""x"":17.489416,""y"":11.722843,""history_index"":22,""candidate_count"":3,""available"":3},{""x"":21.04012,""y"":13.772843,""history_index"":23,""candidate_count"":4,""available"":2},{""x"":19.810196,""y"":11.642551,""history_index"":24,""candidate_count"":1,""available"":1},{""x"":23.3609,""y"":13.692551,""history_index"":25,""candidate_count"":3,""available"":3},{""x"":21.3109,""y"":17.243255,""history_index"":26,""candidate_count"":6,""available"":5}]",10,5,"[{""x"":23.370567,""y"":17.243255,""valid"":true,""deferred"":false,""unknown_disk_area"":30.8476},{""x"":23.517096,""y"":18.517003,""valid"":true,""deferred"":false,""unknown_disk_area"":33.677527},{""x"":23.3609,""y"":20.793959,""valid"":true,""deferred"":false,""unknown_disk_area"":37.89416},{""x"":21.3109,""y"":19.955834,""valid"":true,""deferred"":false,""unknown_disk_area"":52.101134},{""x"":21.3109,""y"":16.024527,""valid"":false,""deferred"":false,""unknown_disk_area"":32.201236},{""x"":23.550899,""y"":15.949991,""valid"":true,""deferred"":false,""unknown_disk_area"":28.085281}]",105.132185,19,17,True,20,85,2,2.712579,2.712579,"[[[21.3109,17.243255],[21.3109,19.955834],""explore""]]",3.728938,1,,,goal_reached
28,97-99,"[21.31089992854583, 19.95583438908313]",explore,"[23.645149096440697, 19.95583438908313]","[21.3109, 17.243255]",4,,"[{""x"":22.409074,""y"":7.376977,""history_index"":0,""candidate_count"":4,""available"":4},{""x"":21.04012,""y"":5.00588,""history_index"":1,""candidate_count"":4,""available"":4},{""x"":21.04012,""y"":1.472843,""history_index"":2,""candidate_count"":5,""available"":5},{""x"":17.489416,""y"":3.522843,""history_index"":3,""candidate_count"":9,""available"":9},{""x"":17.489416,""y"":7.622843,""history_index"":4,""candidate_count"":6,""available"":5},{""x"":17.489416,""y"":11.722843,""history_index"":22,""candidate_count"":3,""available"":3},{""x"":21.04012,""y"":13.772843,""history_index"":23,""candidate_count"":4,""available"":2},{""x"":19.810196,""y"":11.642551,""history_index"":24,""candidate_count"":1,""available"":1},{""x"":23.3609,""y"":13.692551,""history_index"":25,""candidate_count"":3,""available"":3},{""x"":21.3109,""y"":17.243255,""history_index"":26,""candidate_count"":4,""available"":4},{""x"":21.3109,""y"":19.955834,""history_index"":27,""candidate_count"":6,""available"":5}]",11,5,"[{""x"":23.645149,""y"":19.955834,""valid"":true,""deferred"":false,""unknown_disk_area"":32.165272},{""x"":23.750869,""y"":21.364551,""valid"":true,""deferred"":false,""unknown_disk_area"":29.812112},{""x"":23.327775,""y"":23.449165,""valid"":true,""deferred"":false,""unknown_disk_area"":25.896387},{""x"":21.3109,""y"":16.024527,""valid"":false,""deferred"":false,""unknown_disk_area"":32.200299},{""x"":23.3609,""y"":16.40513,""valid"":true,""deferred"":false,""unknown_disk_area"":29.178724},{""x"":23.52127,""y"":18.679677,""valid"":true,""deferred"":false,""unknown_disk_area"":30.637904}]",108.861123,20,26,True,21,87,2,2.334249,2.334249,"[[[21.3109,19.955834],[23.645149,19.955834],""explore""]]",4.157680,1,,,goal_reached
29,100-102,"[23.645149096440697, 19.95583438908313]",explore,"[20.0944449409245, 22.00583438908313]","[21.3109, 19.955834]",4,,"[{""x"":22.409074,""y"":7.376977,""history_index"":0,""candidate_count"":4,""available"":4},{""x"":21.04012,""y"":5.00588,""history_index"":1,""candidate_count"":4,""available"":4},{""x"":21.04012,""y"":1.472843,""history_index"":2,""candidate_count"":5,""available"":5},{""x"":17.489416,""y"":3.522843,""history_index"":3,""candidate_count"":9,""available"":9},{""x"":17.489416,""y"":7.622843,""history_index"":4,""candidate_count"":6,""available"":5},{""x"":17.489416,""y"":11.722843,""history_index"":22,""candidate_count"":3,""available"":3},{""x"":21.04012,""y"":13.772843,""history_index"":23,""candidate_count"":4,""available"":2},{""x"":19.810196,""y"":11.642551,""history_index"":24,""candidate_count"":1,""available"":1},{""x"":23.3609,""y"":13.692551,""history_index"":25,""candidate_count"":3,""available"":3},{""x"":21.3109,""y"":17.243255,""history_index"":26,""candidate_count"":4,""available"":3},{""x"":21.3109,""y"":19.955834,""history_index"":27,""candidate_count"":4,""available"":4},{""x"":23.645149,""y"":19.955834,""history_index"":28,""candidate_count"":6,""available"":4}]",12,4,"[{""x"":23.645149,""y"":23.060675,""valid"":true,""deferred"":false,""unknown_disk_area"":21.325079},{""x"":21.595149,""y"":23.506539,""valid"":true,""deferred"":false,""unknown_disk_area"":31.42757},{""x"":20.094445,""y"":22.005834,""valid"":true,""deferred"":false,""unknown_disk_area"":46.641259},{""x"":21.418,""y"":19.955834,""valid"":false,""deferred"":false,""unknown_disk_area"":43.710184},{""x"":21.254197,""y"":18.575417,""valid"":true,""deferred"":false,""unknown_disk_area"":38.684492},{""x"":21.595149,""y"":16.40513,""valid"":false,""deferred"":false,""unknown_disk_area"":32.015382}]",113.018803,21,24,True,22,88,1,4.100000,4.100000,"[[[23.645149,19.955834],[20.094445,22.005834],""explore""]]",11.876525,1,,,goal_reached
30,103-105,"[20.0944449409245, 22.00583438908313]",explore,"[15.9944449409245, 22.00583438908313]","[23.645149, 19.955834]",3,,"[{""x"":22.409074,""y"":7.376977,""history_index"":0,""candidate_count"":4,""available"":4},{""x"":21.04012,""y"":5.00588,""history_index"":1,""candidate_count"":4,""available"":4},{""x"":21.04012,""y"":1.472843,""history_index"":2,""candidate_count"":5,""available"":5},{""x"":17.489416,""y"":3.522843,""history_index"":3,""candidate_count"":9,""available"":9},{""x"":17.489416,""y"":7.622843,""history_index"":4,""candidate_count"":6,""available"":5},{""x"":17.489416,""y"":11.722843,""history_index"":22,""candidate_count"":3,""available"":3},{""x"":21.04012,""y"":13.772843,""history_index"":23,""candidate_count"":4,""available"":2},{""x"":19.810196,""y"":11.642551,""history_index"":24,""candidate_count"":1,""available"":1},{""x"":23.3609,""y"":13.692551,""history_index"":25,""candidate_count"":3,""available"":3},{""x"":21.3109,""y"":17.243255,""history_index"":26,""candidate_count"":4,""available"":3},{""x"":21.3109,""y"":19.955834,""history_index"":27,""candidate_count"":4,""available"":4},{""x"":23.645149,""y"":19.955834,""history_index"":28,""candidate_count"":3,""available"":3},{""x"":20.094445,""y"":22.005834,""history_index"":29,""candidate_count"":9,""available"":9}]",13,9,"[{""x"":23.72981,""y"":22.005834,""valid"":true,""deferred"":false,""unknown_disk_area"":21.299957},{""x"":22.938304,""y"":23.647737,""valid"":true,""deferred"":false,""unknown_disk_area"":18.715834},{""x"":20.920283,""y"":23.436227,""valid"":true,""deferred"":false,""unknown_disk_area"":25.733194},{""x"":20.094445,""y"":23.322218,""valid"":true,""deferred"":false,""unknown_disk_area"":28.54428},{""x"":19.35792,""y"":23.281532,""valid"":true,""deferred"":false,""unknown_disk_area"":30.005549},{""x"":17.316239,""y"":23.609832,""valid"":true,""deferred"":false,""unknown_disk_area"":35.094113},{""x"":15.994445,""y"":22.005834,""valid"":true,""deferred"":false,""unknown_disk_area"":49.578042},{""x"":18.364024,""y"":21.006775,""valid"":true,""deferred"":false,""unknown_disk_area"":41.944108},{""x"":19.468029,""y"":20.920851,""valid"":true,""deferred"":false,""unknown_disk_area"":37.566819}]",124.895328,22,29,True,23,89,1,4.100000,4.100000,"[[[20.094445,22.005834],[15.994445,22.005834],""explore""]]",11.025930,1,,,goal_reached
31,106-108,"[15.9944449409245, 22.00583438908313]",explore,"[11.894444940924501, 22.00583438908313]","[20.094445, 22.005834]",8,,"[{""x"":22.409074,""y"":7.376977,""history_index"":0,""candidate_count"":4,""available"":4},{""x"":21.04012,""y"":5.00588,""history_index"":1,""candidate_count"":4,""available"":4},{""x"":21.04012,""y"":1.472843,""history_index"":2,""candidate_count"":5,""available"":5},{""x"":17.489416,""y"":3.522843,""history_index"":3,""candidate_count"":9,""available"":9},{""x"":17.489416,""y"":7.622843,""history_index"":4,""candidate_count"":6,""available"":5},{""x"":17.489416,""y"":11.722843,""history_index"":22,""candidate_count"":3,""available"":3},{""x"":21.04012,""y"":13.772843,""history_index"":23,""candidate_count"":4,""available"":2},{""x"":19.810196,""y"":11.642551,""history_index"":24,""candidate_count"":1,""available"":1},{""x"":23.3609,""y"":13.692551,""history_index"":25,""candidate_count"":3,""available"":3},{""x"":21.3109,""y"":17.243255,""history_index"":26,""candidate_count"":4,""available"":3},{""x"":21.3109,""y"":19.955834,""history_index"":27,""candidate_count"":4,""available"":4},{""x"":23.645149,""y"":19.955834,""history_index"":28,""candidate_count"":3,""available"":3},{""x"":20.094445,""y"":22.005834,""history_index"":29,""candidate_count"":8,""available"":8},{""x"":15.994445,""y"":22.005834,""history_index"":30,""candidate_count"":8,""available"":8}]",14,8,"[{""x"":18.483698,""y"":23.443005,""valid"":true,""deferred"":false,""unknown_disk_area"":28.063511},{""x"":16.896415,""y"":23.568093,""valid"":true,""deferred"":false,""unknown_disk_area"":28.733762},{""x"":15.994445,""y"":23.560225,""valid"":true,""deferred"":false,""unknown_disk_area"":28.978242},{""x"":15.093358,""y"":23.566563,""valid"":true,""deferred"":false,""unknown_disk_area"":30.64234},{""x"":13.139422,""y"":23.654183,""valid"":true,""deferred"":false,""unknown_disk_area"":34.781002},{""x"":11.894445,""y"":22.005834,""valid"":true,""deferred"":false,""unknown_disk_area"":52.245653},{""x"":14.773112,""y"":21.300698,""valid"":true,""deferred"":false,""unknown_disk_area"":46.686155},{""x"":17.486734,""y"":21.144261,""valid"":true,""deferred"":false,""unknown_disk_area"":40.735907}]",135.921258,23,23,True,24,91,2,4.100000,4.100000,"[[[15.994445,22.005834],[11.894445,22.005834],""explore""]]",19.068954,1,,,goal_reached
32,109-111,"[11.894444940924501, 22.00583438908313]",explore,"[11.894444940924501, 17.905834389083132]","[15.994445, 22.005834]",7,,"[{""x"":22.409074,""y"":7.376977,""history_index"":0,""candidate_count"":4,""available"":4},{""x"":21.04012,""y"":5.00588,""history_index"":1,""candidate_count"":4,""available"":4},{""x"":21.04012,""y"":1.472843,""history_index"":2,""candidate_count"":5,""available"":5},{""x"":17.489416,""y"":3.522843,""history_index"":3,""candidate_count"":9,""available"":9},{""x"":17.489416,""y"":7.622843,""history_index"":4,""candidate_count"":6,""available"":5},{""x"":17.489416,""y"":11.722843,""history_index"":22,""candidate_count"":3,""available"":3},{""x"":21.04012,""y"":13.772843,""history_index"":23,""candidate_count"":4,""available"":2},{""x"":19.810196,""y"":11.642551,""history_index"":24,""candidate_count"":1,""available"":1},{""x"":23.3609,""y"":13.692551,""history_index"":25,""candidate_count"":3,""available"":3},{""x"":21.3109,""y"":17.243255,""history_index"":26,""candidate_count"":4,""available"":3},{""x"":21.3109,""y"":19.955834,""history_index"":27,""candidate_count"":4,""available"":4},{""x"":23.645149,""y"":19.955834,""history_index"":28,""candidate_count"":3,""available"":3},{""x"":20.094445,""y"":22.005834,""history_index"":29,""candidate_count"":8,""available"":8},{""x"":15.994445,""y"":22.005834,""history_index"":30,""candidate_count"":7,""available"":7},{""x"":11.894445,""y"":22.005834,""history_index"":31,""candidate_count"":10,""available"":10}]",15,10,"[{""x"":14.664986,""y"":23.605407,""valid"":true,""deferred"":false,""unknown_disk_area"":24.562355},{""x"":12.826352,""y"":23.619944,""valid"":true,""deferred"":false,""unknown_disk_area"":23.597612},{""x"":11.894445,""y"":23.550203,""valid"":true,""deferred"":false,""unknown_disk_area"":24.139114},{""x"":11.104064,""y"":23.374814,""valid"":true,""deferred"":false,""unknown_disk_area"":27.218839},{""x"":9.83641,""y"":23.194041,""valid"":true,""deferred"":false,""unknown_disk_area"":33.048671},{""x"":7.794445,""y"":22.005834,""valid"":true,""deferred"":false,""unknown_disk_area"":51.137542},{""x"":10.102549,""y"":20.971283,""valid"":true,""deferred"":false,""unknown_disk_area"":45.358954},{""x"":11.894445,""y"":17.905834,""valid"":true,""deferred"":false,""unknown_disk_area"":56.889976},{""x"":13.828189,""y"":18.656492,""valid"":true,""deferred"":false,""unknown_disk_area"":44.907166},{""x"":13.661972,""y"":20.985352,""valid"":true,""deferred"":false,""unknown_disk_area"":38.547833}]",154.990212,24,28,True,25,92,1,4.100000,4.100000,"[[[11.894445,22.005834],[11.894445,17.905834],""explore""]]",21.079450,1,,,goal_reached
33,112-114,"[11.894444940924501, 17.905834389083132]",explore,"[11.894444940924501, 13.805834389083133]","[11.894445, 22.005834]",9,,"[{""x"":22.409074,""y"":7.376977,""history_index"":0,""candidate_count"":4,""available"":4},{""x"":21.04012,""y"":5.00588,""history_index"":1,""candidate_count"":4,""available"":4},{""x"":21.04012,""y"":1.472843,""history_index"":2,""candidate_count"":5,""available"":5},{""x"":17.489416,""y"":3.522843,""history_index"":3,""candidate_count"":9,""available"":9},{""x"":17.489416,""y"":7.622843,""history_index"":4,""candidate_count"":6,""available"":5},{""x"":17.489416,""y"":11.722843,""history_index"":22,""candidate_count"":3,""available"":3},{""x"":21.04012,""y"":13.772843,""history_index"":23,""candidate_count"":4,""available"":2},{""x"":19.810196,""y"":11.642551,""history_index"":24,""candidate_count"":1,""available"":1},{""x"":23.3609,""y"":13.692551,""history_index"":25,""candidate_count"":3,""available"":3},{""x"":21.3109,""y"":17.243255,""history_index"":26,""candidate_count"":4,""available"":3},{""x"":21.3109,""y"":19.955834,""history_index"":27,""candidate_count"":4,""available"":4},{""x"":23.645149,""y"":19.955834,""history_index"":28,""candidate_count"":3,""available"":3},{""x"":20.094445,""y"":22.005834,""history_index"":29,""candidate_count"":8,""available"":8},{""x"":15.994445,""y"":22.005834,""history_index"":30,""candidate_count"":7,""available"":7},{""x"":11.894445,""y"":22.005834,""history_index"":31,""candidate_count"":9,""available"":9},{""x"":11.894445,""y"":17.905834,""history_index"":32,""candidate_count"":11,""available"":11}]",16,11,"[{""x"":13.790314,""y"":17.905834,""valid"":true,""deferred"":false,""unknown_disk_area"":33.655078},{""x"":13.767345,""y"":18.987154,""valid"":true,""deferred"":false,""unknown_disk_area"":30.270458},{""x"":13.689887,""y"":21.015631,""valid"":true,""deferred"":false,""unknown_disk_area"":32.133229},{""x"":11.210295,""y"":19.090816,""valid"":true,""deferred"":false,""unknown_disk_area"":32.773761},{""x"":9.650094,""y"":19.201611,""valid"":true,""deferred"":false,""unknown_disk_area"":37.389702},{""x"":7.794445,""y"":17.905834,""valid"":true,""deferred"":false,""unknown_disk_area"":53.796444},{""x"":9.913495,""y"":16.762133,""valid"":true,""deferred"":false,""unknown_disk_area"":45.393273},{""x"":11.206559,""y"":16.714382,""valid"":true,""deferred"":false,""unknown_disk_area"":44.896679},{""x"":11.894445,""y"":13.805834,""valid"":true,""deferred"":false,""unknown_disk_area"":56.655445},{""x"":13.782602,""y"":14.635451,""valid"":true,""deferred"":false,""unknown_disk_area"":43.913311},{""x"":13.799949,""y"":16.805691,""valid"":true,""deferred"":false,""unknown_disk_area"":38.057013}]",176.069662,25,28,True,26,94,2,4.100000,4.100000,"[[[11.894445,17.905834],[11.894445,13.805834],""explore""]]",14.067785,1,,,goal_reached
34,115-117,"[11.894444940924501, 13.805834389083133]",explore,"[8.343740785408304, 11.755834389083132]","[11.894445, 17.905834]",10,,"[{""x"":22.409074,""y"":7.376977,""history_index"":0,""candidate_count"":4,""available"":4},{""x"":21.04012,""y"":5.00588,""history_index"":1,""candidate_count"":4,""available"":4},{""x"":21.04012,""y"":1.472843,""history_index"":2,""candidate_count"":5,""available"":5},{""x"":17.489416,""y"":3.522843,""history_index"":3,""candidate_count"":9,""available"":9},{""x"":17.489416,""y"":7.622843,""history_index"":4,""candidate_count"":6,""available"":5},{""x"":17.489416,""y"":11.722843,""history_index"":22,""candidate_count"":3,""available"":3},{""x"":21.04012,""y"":13.772843,""history_index"":23,""candidate_count"":4,""available"":2},{""x"":19.810196,""y"":11.642551,""history_index"":24,""candidate_count"":1,""available"":1},{""x"":23.3609,""y"":13.692551,""history_index"":25,""candidate_count"":3,""available"":3},{""x"":21.3109,""y"":17.243255,""history_index"":26,""candidate_count"":4,""available"":3},{""x"":21.3109,""y"":19.955834,""history_index"":27,""candidate_count"":4,""available"":4},{""x"":23.645149,""y"":19.955834,""history_index"":28,""candidate_count"":3,""available"":3},{""x"":20.094445,""y"":22.005834,""history_index"":29,""candidate_count"":8,""available"":8},{""x"":15.994445,""y"":22.005834,""history_index"":30,""candidate_count"":7,""available"":7},{""x"":11.894445,""y"":22.005834,""history_index"":31,""candidate_count"":9,""available"":9},{""x"":11.894445,""y"":17.905834,""history_index"":32,""candidate_count"":10,""available"":10},{""x"":11.894445,""y"":13.805834,""history_index"":33,""candidate_count"":9,""available"":9}]",17,9,"[{""x"":13.64946,""y"":13.805834,""valid"":true,""deferred"":false,""unknown_disk_area"":38.592443},{""x"":13.751946,""y"":14.878263,""valid"":true,""deferred"":false,""unknown_disk_area"":34.824103},{""x"":13.909999,""y"":17.296877,""valid"":true,""deferred"":false,""unknown_disk_area"":34.514885},{""x"":7.794445,""y"":13.805834,""valid"":true,""deferred"":false,""unknown_disk_area"":53.44579},{""x"":8.343741,""y"":11.755834,""valid"":true,""deferred"":false,""unknown_disk_area"":61.41142},{""x"":10.641528,""y"":11.635718,""valid"":true,""deferred"":false,""unknown_disk_area"":56.814962},{""x"":11.894445,""y"":11.638318,""valid"":true,""deferred"":false,""unknown_disk_area"":53.987555},{""x"":13.006947,""y"":11.878924,""valid"":true,""deferred"":false,""unknown_disk_area"":48.504931},{""x"":13.590398,""y"":12.826676,""valid"":true,""deferred"":false,""unknown_disk_area"":42.527952}]",190.137448,26,23,True,27,95,1,4.100000,4.100000,"[[[11.894445,13.805834],[8.343741,11.755834],""explore""]]",11.928666,1,,,goal_reached
35,118-120,"[8.343740785408304, 11.755834389083132]",explore,"[8.343740785408304, 7.655834389083132]","[11.894445, 13.805834]",8,,"[{""x"":22.409074,""y"":7.376977,""history_index"":0,""candidate_count"":4,""available"":4},{""x"":21.04012,""y"":5.00588,""history_index"":1,""candidate_count"":4,""available"":4},{""x"":21.04012,""y"":1.472843,""history_index"":2,""candidate_count"":5,""available"":5},{""x"":17.489416,""y"":3.522843,""history_index"":3,""candidate_count"":9,""available"":9},{""x"":17.489416,""y"":7.622843,""history_index"":4,""candidate_count"":6,""available"":5},{""x"":17.489416,""y"":11.722843,""history_index"":22,""candidate_count"":3,""available"":3},{""x"":21.04012,""y"":13.772843,""history_index"":23,""candidate_count"":4,""available"":2},{""x"":19.810196,""y"":11.642551,""history_index"":24,""candidate_count"":1,""available"":1},{""x"":23.3609,""y"":13.692551,""history_index"":25,""candidate_count"":3,""available"":3},{""x"":21.3109,""y"":17.243255,""history_index"":26,""candidate_count"":4,""available"":3},{""x"":21.3109,""y"":19.955834,""history_index"":27,""candidate_count"":4,""available"":4},{""x"":23.645149,""y"":19.955834,""history_index"":28,""candidate_count"":3,""available"":3},{""x"":20.094445,""y"":22.005834,""history_index"":29,""candidate_count"":8,""available"":8},{""x"":15.994445,""y"":22.005834,""history_index"":30,""candidate_count"":7,""available"":7},{""x"":11.894445,""y"":22.005834,""history_index"":31,""candidate_count"":9,""available"":9},{""x"":11.894445,""y"":17.905834,""history_index"":32,""candidate_count"":10,""available"":10},{""x"":11.894445,""y"":13.805834,""history_index"":33,""candidate_count"":8,""available"":8},{""x"":8.343741,""y"":11.755834,""history_index"":34,""candidate_count"":9,""available"":9}]",18,9,"[{""x"":12.443741,""y"":11.755834,""valid"":true,""deferred"":false,""unknown_disk_area"":48.600088},{""x"":9.621836,""y"":13.96956,""valid"":true,""deferred"":false,""unknown_disk_area"":37.184076},{""x"":8.343741,""y"":13.906974,""valid"":true,""deferred"":false,""unknown_disk_area"":42.016986},{""x"":7.216782,""y"":13.707783,""valid"":true,""deferred"":false,""unknown_disk_area"":50.62881},{""x"":6.488617,""y"":12.826891,""valid"":true,""deferred"":false,""unknown_disk_area"":55.695869},{""x"":6.552341,""y"":11.755834,""valid"":true,""deferred"":false,""unknown_disk_area"":55.391089},{""x"":6.607459,""y"":10.753391,""valid"":true,""deferred"":false,""unknown_disk_area"":55.959407},{""x"":6.501768,""y"":8.565445,""valid"":true,""deferred"":false,""unknown_disk_area"":61.512429},{""x"":8.343741,""y"":7.655834,""valid"":true,""deferred"":false,""unknown_disk_area"":63.044424}]",202.066113,27,23,True,28,96,1,4.100000,4.100000,"[[[8.343741,11.755834],[8.343741,7.655834],""explore""]]",9.426416,1,,,goal_reached
36,121-123,"[8.343740785408304, 7.655834389083132]",explore,"[6.2937407854083025, 4.1051302335669355]","[8.343741, 11.755834]",8,,"[{""x"":22.409074,""y"":7.376977,""history_index"":0,""candidate_count"":4,""available"":4},{""x"":21.04012,""y"":5.00588,""history_index"":1,""candidate_count"":4,""available"":4},{""x"":21.04012,""y"":1.472843,""history_index"":2,""candidate_count"":5,""available"":5},{""x"":17.489416,""y"":3.522843,""history_index"":3,""candidate_count"":9,""available"":9},{""x"":17.489416,""y"":7.622843,""history_index"":4,""candidate_count"":6,""available"":5},{""x"":17.489416,""y"":11.722843,""history_index"":22,""candidate_count"":3,""available"":3},{""x"":21.04012,""y"":13.772843,""history_index"":23,""candidate_count"":4,""available"":2},{""x"":19.810196,""y"":11.642551,""history_index"":24,""candidate_count"":1,""available"":1},{""x"":23.3609,""y"":13.692551,""history_index"":25,""candidate_count"":3,""available"":3},{""x"":21.3109,""y"":17.243255,""history_index"":26,""candidate_count"":4,""available"":3},{""x"":21.3109,""y"":19.955834,""history_index"":27,""candidate_count"":4,""available"":4},{""x"":23.645149,""y"":19.955834,""history_index"":28,""candidate_count"":3,""available"":3},{""x"":20.094445,""y"":22.005834,""history_index"":29,""candidate_count"":8,""available"":8},{""x"":15.994445,""y"":22.005834,""history_index"":30,""candidate_count"":7,""available"":7},{""x"":11.894445,""y"":22.005834,""history_index"":31,""candidate_count"":9,""available"":9},{""x"":11.894445,""y"":17.905834,""history_index"":32,""candidate_count"":10,""available"":10},{""x"":11.894445,""y"":13.805834,""history_index"":33,""candidate_count"":8,""available"":8},{""x"":8.343741,""y"":11.755834,""history_index"":34,""candidate_count"":8,""available"":8},{""x"":8.343741,""y"":7.655834,""history_index"":35,""candidate_count"":6,""available"":6}]",19,6,"[{""x"":6.553728,""y"":10.756227,""valid"":true,""deferred"":false,""unknown_disk_area"":53.546455},{""x"":6.596071,""y"":8.664852,""valid"":true,""deferred"":false,""unknown_disk_area"":53.379886},{""x"":6.407626,""y"":7.655834,""valid"":true,""deferred"":false,""unknown_disk_area"":55.616846},{""x"":6.167843,""y"":6.399579,""valid"":true,""deferred"":false,""unknown_disk_area"":58.902613},{""x"":6.293741,""y"":4.10513,""valid"":true,""deferred"":false,""unknown_disk_area"":60.846122},{""x"":8.343741,""y"":5.804574,""valid"":true,""deferred"":false,""unknown_disk_area"":59.469759}]",211.492529,28,19,True,29,98,2,4.100000,4.100000,"[[[8.343741,7.655834],[6.293741,4.10513],""explore""]]",5.191476,1,,,goal_reached
37,124-126,"[6.2937407854083025, 4.1051302335669355]",explore,"[8.188470424773591, 5.1990529008960475]","[8.343741, 7.655834]",5,,"[{""x"":22.409074,""y"":7.376977,""history_index"":0,""candidate_count"":4,""available"":4},{""x"":21.04012,""y"":5.00588,""history_index"":1,""candidate_count"":4,""available"":4},{""x"":21.04012,""y"":1.472843,""history_index"":2,""candidate_count"":5,""available"":5},{""x"":17.489416,""y"":3.522843,""history_index"":3,""candidate_count"":9,""available"":9},{""x"":17.489416,""y"":7.622843,""history_index"":4,""candidate_count"":6,""available"":5},{""x"":17.489416,""y"":11.722843,""history_index"":22,""candidate_count"":3,""available"":3},{""x"":21.04012,""y"":13.772843,""history_index"":23,""candidate_count"":4,""available"":2},{""x"":19.810196,""y"":11.642551,""history_index"":24,""candidate_count"":1,""available"":1},{""x"":23.3609,""y"":13.692551,""history_index"":25,""candidate_count"":3,""available"":3},{""x"":21.3109,""y"":17.243255,""history_index"":26,""candidate_count"":4,""available"":3},{""x"":21.3109,""y"":19.955834,""history_index"":27,""candidate_count"":4,""available"":4},{""x"":23.645149,""y"":19.955834,""history_index"":28,""candidate_count"":3,""available"":3},{""x"":20.094445,""y"":22.005834,""history_index"":29,""candidate_count"":8,""available"":8},{""x"":15.994445,""y"":22.005834,""history_index"":30,""candidate_count"":7,""available"":7},{""x"":11.894445,""y"":22.005834,""history_index"":31,""candidate_count"":9,""available"":9},{""x"":11.894445,""y"":17.905834,""history_index"":32,""candidate_count"":10,""available"":10},{""x"":11.894445,""y"":13.805834,""history_index"":33,""candidate_count"":8,""available"":8},{""x"":8.343741,""y"":11.755834,""history_index"":34,""candidate_count"":8,""available"":8},{""x"":8.343741,""y"":7.655834,""history_index"":35,""candidate_count"":5,""available"":5},{""x"":6.293741,""y"":4.10513,""history_index"":36,""candidate_count"":6,""available"":6}]",20,6,"[{""x"":8.098962,""y"":4.10513,""valid"":true,""deferred"":false,""unknown_disk_area"":54.292429},{""x"":8.18847,""y"":5.199053,""valid"":true,""deferred"":false,""unknown_disk_area"":55.627474},{""x"":6.293741,""y"":7.567797,""valid"":true,""deferred"":false,""unknown_disk_area"":55.096181},{""x"":6.293741,""y"":1.239796,""valid"":true,""deferred"":false,""unknown_disk_area"":38.754151},{""x"":7.73299,""y"":1.612278,""valid"":true,""deferred"":false,""unknown_disk_area"":41.24237},{""x"":8.423733,""y"":2.875379,""valid"":true,""deferred"":false,""unknown_disk_area"":47.596376}]",216.684005,29,19,True,30,101,3,2.187845,2.187845,"[[[6.293741,4.10513],[8.18847,5.199053],""explore""]]",1.107247,1,,,goal_reached
38,127-129,"[8.188470424773591, 5.1990529008960475]",explore,"[6.467698257035764, 8.1795177236684]","[6.293741, 4.10513]",4,,"[{""x"":22.409074,""y"":7.376977,""history_index"":0,""candidate_count"":4,""available"":4},{""x"":21.04012,""y"":5.00588,""history_index"":1,""candidate_count"":4,""available"":4},{""x"":21.04012,""y"":1.472843,""history_index"":2,""candidate_count"":5,""available"":5},{""x"":17.489416,""y"":3.522843,""history_index"":3,""candidate_count"":9,""available"":9},{""x"":17.489416,""y"":7.622843,""history_index"":4,""candidate_count"":6,""available"":5},{""x"":17.489416,""y"":11.722843,""history_index"":22,""candidate_count"":3,""available"":3},{""x"":21.04012,""y"":13.772843,""history_index"":23,""candidate_count"":4,""available"":2},{""x"":19.810196,""y"":11.642551,""history_index"":24,""candidate_count"":1,""available"":1},{""x"":23.3609,""y"":13.692551,""history_index"":25,""candidate_count"":3,""available"":3},{""x"":21.3109,""y"":17.243255,""history_index"":26,""candidate_count"":4,""available"":3},{""x"":21.3109,""y"":19.955834,""history_index"":27,""candidate_count"":4,""available"":4},{""x"":23.645149,""y"":19.955834,""history_index"":28,""candidate_count"":3,""available"":3},{""x"":20.094445,""y"":22.005834,""history_index"":29,""candidate_count"":8,""available"":8},{""x"":15.994445,""y"":22.005834,""history_index"":30,""candidate_count"":7,""available"":7},{""x"":11.894445,""y"":22.005834,""history_index"":31,""candidate_count"":9,""available"":9},{""x"":11.894445,""y"":17.905834,""history_index"":32,""candidate_count"":10,""available"":10},{""x"":11.894445,""y"":13.805834,""history_index"":33,""candidate_count"":8,""available"":8},{""x"":8.343741,""y"":11.755834,""history_index"":34,""candidate_count"":8,""available"":8},{""x"":8.343741,""y"":7.655834,""history_index"":35,""candidate_count"":5,""available"":4},{""x"":6.293741,""y"":4.10513,""history_index"":36,""candidate_count"":5,""available"":4},{""x"":8.18847,""y"":5.199053,""history_index"":37,""candidate_count"":6,""available"":4}]",21,4,"[{""x"":8.18847,""y"":9.299053,""valid"":true,""deferred"":false,""unknown_disk_area"":48.937625},{""x"":6.467698,""y"":8.179518,""valid"":true,""deferred"":false,""unknown_disk_area"":54.346504},{""x"":6.181195,""y"":6.357954,""valid"":true,""deferred"":false,""unknown_disk_area"":53.468099},{""x"":6.032346,""y"":5.199053,""valid"":false,""deferred"":false,""unknown_disk_area"":55.622159},{""x"":5.956424,""y"":3.91038,""valid"":false,""deferred"":false,""unknown_disk_area"":54.083853},{""x"":6.13847,""y"":1.648349,""valid"":true,""deferred"":false,""unknown_disk_area"":40.687414}]",217.791252,30,20,True,31,105,4,3.441544,3.441544,"[[[8.18847,5.199053],[6.467698,8.179518],""explore""]]",0.001437,1,,,goal_reached
39,130-134,"[6.467698257035764, 8.1795177236684]",recover,"[8.188470424773591, 5.1990529008960475]","[8.18847, 5.199053]",3,3,"[{""x"":22.409074,""y"":7.376977,""history_index"":0,""candidate_count"":4,""available"":4},{""x"":21.04012,""y"":5.00588,""history_index"":1,""candidate_count"":4,""available"":4},{""x"":21.04012,""y"":1.472843,""history_index"":2,""candidate_count"":5,""available"":5},{""x"":17.489416,""y"":3.522843,""history_index"":3,""candidate_count"":9,""available"":9},{""x"":17.489416,""y"":7.622843,""history_index"":4,""candidate_count"":6,""available"":5},{""x"":17.489416,""y"":11.722843,""history_index"":22,""candidate_count"":3,""available"":3},{""x"":21.04012,""y"":13.772843,""history_index"":23,""candidate_count"":4,""available"":2},{""x"":19.810196,""y"":11.642551,""history_index"":24,""candidate_count"":1,""available"":1},{""x"":23.3609,""y"":13.692551,""history_index"":25,""candidate_count"":3,""available"":3},{""x"":21.3109,""y"":17.243255,""history_index"":26,""candidate_count"":4,""available"":3},{""x"":21.3109,""y"":19.955834,""history_index"":27,""candidate_count"":4,""available"":4},{""x"":23.645149,""y"":19.955834,""history_index"":28,""candidate_count"":3,""available"":3},{""x"":20.094445,""y"":22.005834,""history_index"":29,""candidate_count"":8,""available"":8},{""x"":15.994445,""y"":22.005834,""history_index"":30,""candidate_count"":7,""available"":7},{""x"":11.894445,""y"":22.005834,""history_index"":31,""candidate_count"":9,""available"":9},{""x"":11.894445,""y"":17.905834,""history_index"":32,""candidate_count"":10,""available"":10},{""x"":11.894445,""y"":13.805834,""history_index"":33,""candidate_count"":8,""available"":8},{""x"":8.343741,""y"":11.755834,""history_index"":34,""candidate_count"":8,""available"":7},{""x"":8.343741,""y"":7.655834,""history_index"":35,""candidate_count"":5,""available"":2},{""x"":6.293741,""y"":4.10513,""history_index"":36,""candidate_count"":5,""available"":3},{""x"":8.18847,""y"":5.199053,""history_index"":37,""candidate_count"":3,""available"":3},{""x"":6.467698,""y"":8.179518,""history_index"":38,""candidate_count"":0,""available"":0}]",22,0,[],217.792689,31,16,True,31,105,0,3.441544,3.441544,"[[[6.467698,8.179518],[8.18847,5.199053],""retreat""]]",0.000000,0,exhausted_branch,False,goal_reached
40,135-137,"[8.188470424773591, 5.1990529008960475]",explore,"[6.181195166187464, 6.357953811778425]","[6.293741, 4.10513]",3,,"[{""x"":22.409074,""y"":7.376977,""history_index"":0,""candidate_count"":4,""available"":4},{""x"":21.04012,""y"":5.00588,""history_index"":1,""candidate_count"":4,""available"":4},{""x"":21.04012,""y"":1.472843,""history_index"":2,""candidate_count"":5,""available"":5},{""x"":17.489416,""y"":3.522843,""history_index"":3,""candidate_count"":9,""available"":9},{""x"":17.489416,""y"":7.622843,""history_index"":4,""candidate_count"":6,""available"":5},{""x"":17.489416,""y"":11.722843,""history_index"":22,""candidate_count"":3,""available"":3},{""x"":21.04012,""y"":13.772843,""history_index"":23,""candidate_count"":4,""available"":2},{""x"":19.810196,""y"":11.642551,""history_index"":24,""candidate_count"":1,""available"":1},{""x"":23.3609,""y"":13.692551,""history_index"":25,""candidate_count"":3,""available"":3},{""x"":21.3109,""y"":17.243255,""history_index"":26,""candidate_count"":4,""available"":3},{""x"":21.3109,""y"":19.955834,""history_index"":27,""candidate_count"":4,""available"":4},{""x"":23.645149,""y"":19.955834,""history_index"":28,""candidate_count"":3,""available"":3},{""x"":20.094445,""y"":22.005834,""history_index"":29,""candidate_count"":8,""available"":8},{""x"":15.994445,""y"":22.005834,""history_index"":30,""candidate_count"":7,""available"":7},{""x"":11.894445,""y"":22.005834,""history_index"":31,""candidate_count"":9,""available"":9},{""x"":11.894445,""y"":17.905834,""history_index"":32,""candidate_count"":10,""available"":10},{""x"":11.894445,""y"":13.805834,""history_index"":33,""candidate_count"":8,""available"":8},{""x"":8.343741,""y"":11.755834,""history_index"":34,""candidate_count"":8,""available"":7},{""x"":8.343741,""y"":7.655834,""history_index"":35,""candidate_count"":5,""available"":2},{""x"":6.293741,""y"":4.10513,""history_index"":36,""candidate_count"":5,""available"":3},{""x"":8.18847,""y"":5.199053,""history_index"":39,""candidate_count"":3,""available"":3}]",21,3,"[{""x"":8.18847,""y"":9.299053,""valid"":true,""deferred"":false,""unknown_disk_area"":48.936818},{""x"":6.181195,""y"":6.357954,""valid"":true,""deferred"":false,""unknown_disk_area"":53.466661},{""x"":6.13847,""y"":1.648349,""valid"":true,""deferred"":false,""unknown_disk_area"":40.686291}]",217.792689,31,20,True,32,110,5,2.317802,2.317802,"[[[8.18847,5.199053],[6.181195,6.357954],""explore""]]",0.001120,1,,,goal_reached
41,138-142,"[6.181195166187464, 6.357953811778425]",recover,"[8.188470424773591, 5.1990529008960475]","[8.18847, 5.199053]",2,2,"[{""x"":22.409074,""y"":7.376977,""history_index"":0,""candidate_count"":4,""available"":4},{""x"":21.04012,""y"":5.00588,""history_index"":1,""candidate_count"":4,""available"":4},{""x"":21.04012,""y"":1.472843,""history_index"":2,""candidate_count"":5,""available"":5},{""x"":17.489416,""y"":3.522843,""history_index"":3,""candidate_count"":9,""available"":9},{""x"":17.489416,""y"":7.622843,""history_index"":4,""candidate_count"":6,""available"":5},{""x"":17.489416,""y"":11.722843,""history_index"":22,""candidate_count"":3,""available"":3},{""x"":21.04012,""y"":13.772843,""history_index"":23,""candidate_count"":4,""available"":2},{""x"":19.810196,""y"":11.642551,""history_index"":24,""candidate_count"":1,""available"":1},{""x"":23.3609,""y"":13.692551,""history_index"":25,""candidate_count"":3,""available"":3},{""x"":21.3109,""y"":17.243255,""history_index"":26,""candidate_count"":4,""available"":3},{""x"":21.3109,""y"":19.955834,""history_index"":27,""candidate_count"":4,""available"":4},{""x"":23.645149,""y"":19.955834,""history_index"":28,""candidate_count"":3,""available"":3},{""x"":20.094445,""y"":22.005834,""history_index"":29,""candidate_count"":8,""available"":8},{""x"":15.994445,""y"":22.005834,""history_index"":30,""candidate_count"":7,""available"":7},{""x"":11.894445,""y"":22.005834,""history_index"":31,""candidate_count"":9,""available"":9},{""x"":11.894445,""y"":17.905834,""history_index"":32,""candidate_count"":10,""available"":10},{""x"":11.894445,""y"":13.805834,""history_index"":33,""candidate_count"":8,""available"":8},{""x"":8.343741,""y"":11.755834,""history_index"":34,""candidate_count"":8,""available"":7},{""x"":8.343741,""y"":7.655834,""history_index"":35,""candidate_count"":5,""available"":1},{""x"":6.293741,""y"":4.10513,""history_index"":36,""candidate_count"":5,""available"":3},{""x"":8.18847,""y"":5.199053,""history_index"":39,""candidate_count"":2,""available"":2},{""x"":6.181195,""y"":6.357954,""history_index"":40,""candidate_count"":0,""available"":0}]",22,0,[],217.793809,32,17,True,32,110,0,2.317802,2.317802,"[[[6.181195,6.357954],[8.18847,5.199053],""retreat""]]",0.000000,0,exhausted_branch,False,goal_reached
42,143-145,"[8.188470424773591, 5.1990529008960475]",explore,"[8.188470424773591, 9.299052900896047]","[6.293741, 4.10513]",3,,"[{""x"":22.409074,""y"":7.376977,""history_index"":0,""candidate_count"":4,""available"":4},{""x"":21.04012,""y"":5.00588,""history_index"":1,""candidate_count"":4,""available"":4},{""x"":21.04012,""y"":1.472843,""history_index"":2,""candidate_count"":5,""available"":5},{""x"":17.489416,""y"":3.522843,""history_index"":3,""candidate_count"":9,""available"":9},{""x"":17.489416,""y"":7.622843,""history_index"":4,""candidate_count"":6,""available"":5},{""x"":17.489416,""y"":11.722843,""history_index"":22,""candidate_count"":3,""available"":3},{""x"":21.04012,""y"":13.772843,""history_index"":23,""candidate_count"":4,""available"":2},{""x"":19.810196,""y"":11.642551,""history_index"":24,""candidate_count"":1,""available"":1},{""x"":23.3609,""y"":13.692551,""history_index"":25,""candidate_count"":3,""available"":3},{""x"":21.3109,""y"":17.243255,""history_index"":26,""candidate_count"":4,""available"":3},{""x"":21.3109,""y"":19.955834,""history_index"":27,""candidate_count"":4,""available"":4},{""x"":23.645149,""y"":19.955834,""history_index"":28,""candidate_count"":3,""available"":3},{""x"":20.094445,""y"":22.005834,""history_index"":29,""candidate_count"":8,""available"":8},{""x"":15.994445,""y"":22.005834,""history_index"":30,""candidate_count"":7,""available"":7},{""x"":11.894445,""y"":22.005834,""history_index"":31,""candidate_count"":9,""available"":9},{""x"":11.894445,""y"":17.905834,""history_index"":32,""candidate_count"":10,""available"":10},{""x"":11.894445,""y"":13.805834,""history_index"":33,""candidate_count"":8,""available"":8},{""x"":8.343741,""y"":11.755834,""history_index"":34,""candidate_count"":8,""available"":7},{""x"":8.343741,""y"":7.655834,""history_index"":35,""candidate_count"":5,""available"":1},{""x"":6.293741,""y"":4.10513,""history_index"":36,""candidate_count"":5,""available"":3},{""x"":8.18847,""y"":5.199053,""history_index"":41,""candidate_count"":2,""available"":2}]",21,2,"[{""x"":8.18847,""y"":9.299053,""valid"":true,""deferred"":false,""unknown_disk_area"":48.936603},{""x"":6.13847,""y"":1.648349,""valid"":true,""deferred"":false,""unknown_disk_area"":40.685385}]",217.793809,32,20,True,33,116,6,4.100000,4.100000,"[[[8.18847,5.199053],[8.18847,9.299053],""explore""]]",0.000720,1,,,goal_reached
43,146-150,"[8.188470424773591, 9.299052900896047]",recover,"[8.188470424773591, 5.1990529008960475]","[8.18847, 5.199053]",1,1,"[{""x"":22.409074,""y"":7.376977,""history_index"":0,""candidate_count"":4,""available"":4},{""x"":21.04012,""y"":5.00588,""history_index"":1,""candidate_count"":4,""available"":4},{""x"":21.04012,""y"":1.472843,""history_index"":2,""candidate_count"":5,""available"":5},{""x"":17.489416,""y"":3.522843,""history_index"":3,""candidate_count"":9,""available"":9},{""x"":17.489416,""y"":7.622843,""history_index"":4,""candidate_count"":6,""available"":5},{""x"":17.489416,""y"":11.722843,""history_index"":22,""candidate_count"":3,""available"":3},{""x"":21.04012,""y"":13.772843,""history_index"":23,""candidate_count"":4,""available"":2},{""x"":19.810196,""y"":11.642551,""history_index"":24,""candidate_count"":1,""available"":1},{""x"":23.3609,""y"":13.692551,""history_index"":25,""candidate_count"":3,""available"":3},{""x"":21.3109,""y"":17.243255,""history_index"":26,""candidate_count"":4,""available"":3},{""x"":21.3109,""y"":19.955834,""history_index"":27,""candidate_count"":4,""available"":4},{""x"":23.645149,""y"":19.955834,""history_index"":28,""candidate_count"":3,""available"":3},{""x"":20.094445,""y"":22.005834,""history_index"":29,""candidate_count"":8,""available"":8},{""x"":15.994445,""y"":22.005834,""history_index"":30,""candidate_count"":7,""available"":7},{""x"":11.894445,""y"":22.005834,""history_index"":31,""candidate_count"":9,""available"":9},{""x"":11.894445,""y"":17.905834,""history_index"":32,""candidate_count"":10,""available"":10},{""x"":11.894445,""y"":13.805834,""history_index"":33,""candidate_count"":8,""available"":8},{""x"":8.343741,""y"":11.755834,""history_index"":34,""candidate_count"":8,""available"":7},{""x"":8.343741,""y"":7.655834,""history_index"":35,""candidate_count"":5,""available"":1},{""x"":6.293741,""y"":4.10513,""history_index"":36,""candidate_count"":5,""available"":3},{""x"":8.18847,""y"":5.199053,""history_index"":41,""candidate_count"":1,""available"":1},{""x"":8.18847,""y"":9.299053,""history_index"":42,""candidate_count"":0,""available"":0}]",22,0,[],217.794529,33,23,True,33,116,0,4.100000,4.100000,"[[[8.18847,9.299053],[8.18847,5.199053],""retreat""]]",0.000000,0,exhausted_branch,False,goal_reached
44,151-153,"[8.188470424773591, 5.1990529008960475]",explore,"[6.1384704247735895, 1.6483487453798502]","[6.293741, 4.10513]",3,,"[{""x"":22.409074,""y"":7.376977,""history_index"":0,""candidate_count"":4,""available"":4},{""x"":21.04012,""y"":5.00588,""history_index"":1,""candidate_count"":4,""available"":4},{""x"":21.04012,""y"":1.472843,""history_index"":2,""candidate_count"":5,""available"":5},{""x"":17.489416,""y"":3.522843,""history_index"":3,""candidate_count"":9,""available"":9},{""x"":17.489416,""y"":7.622843,""history_index"":4,""candidate_count"":6,""available"":5},{""x"":17.489416,""y"":11.722843,""history_index"":22,""candidate_count"":3,""available"":3},{""x"":21.04012,""y"":13.772843,""history_index"":23,""candidate_count"":4,""available"":2},{""x"":19.810196,""y"":11.642551,""history_index"":24,""candidate_count"":1,""available"":1},{""x"":23.3609,""y"":13.692551,""history_index"":25,""candidate_count"":3,""available"":3},{""x"":21.3109,""y"":17.243255,""history_index"":26,""candidate_count"":4,""available"":3},{""x"":21.3109,""y"":19.955834,""history_index"":27,""candidate_count"":4,""available"":4},{""x"":23.645149,""y"":19.955834,""history_index"":28,""candidate_count"":3,""available"":3},{""x"":20.094445,""y"":22.005834,""history_index"":29,""candidate_count"":8,""available"":8},{""x"":15.994445,""y"":22.005834,""history_index"":30,""candidate_count"":7,""available"":7},{""x"":11.894445,""y"":22.005834,""history_index"":31,""candidate_count"":9,""available"":9},{""x"":11.894445,""y"":17.905834,""history_index"":32,""candidate_count"":10,""available"":10},{""x"":11.894445,""y"":13.805834,""history_index"":33,""candidate_count"":8,""available"":8},{""x"":8.343741,""y"":11.755834,""history_index"":34,""candidate_count"":8,""available"":7},{""x"":8.343741,""y"":7.655834,""history_index"":35,""candidate_count"":5,""available"":1},{""x"":6.293741,""y"":4.10513,""history_index"":36,""candidate_count"":5,""available"":3},{""x"":8.18847,""y"":5.199053,""history_index"":43,""candidate_count"":1,""available"":1}]",21,1,"[{""x"":6.13847,""y"":1.648349,""valid"":true,""deferred"":false,""unknown_disk_area"":40.685385}]",217.794529,33,20,True,34,123,7,4.100000,4.100000,"[[[8.18847,5.199053],[6.13847,1.648349],""explore""]]",6.933628,1,,,goal_reached
45,154-158,"[6.1384704247735895, 1.6483487453798502]",goal,"[2.6955629455787475, 2.2245110260672387]","[8.18847, 5.199053]",0,,"[{""x"":22.409074,""y"":7.376977,""history_index"":0,""candidate_count"":4,""available"":4},{""x"":21.04012,""y"":5.00588,""history_index"":1,""candidate_count"":4,""available"":4},{""x"":21.04012,""y"":1.472843,""history_index"":2,""candidate_count"":5,""available"":5},{""x"":17.489416,""y"":3.522843,""history_index"":3,""candidate_count"":9,""available"":9},{""x"":17.489416,""y"":7.622843,""history_index"":4,""candidate_count"":6,""available"":5},{""x"":17.489416,""y"":11.722843,""history_index"":22,""candidate_count"":3,""available"":3},{""x"":21.04012,""y"":13.772843,""history_index"":23,""candidate_count"":4,""available"":2},{""x"":19.810196,""y"":11.642551,""history_index"":24,""candidate_count"":1,""available"":1},{""x"":23.3609,""y"":13.692551,""history_index"":25,""candidate_count"":3,""available"":3},{""x"":21.3109,""y"":17.243255,""history_index"":26,""candidate_count"":4,""available"":3},{""x"":21.3109,""y"":19.955834,""history_index"":27,""candidate_count"":4,""available"":4},{""x"":23.645149,""y"":19.955834,""history_index"":28,""candidate_count"":3,""available"":3},{""x"":20.094445,""y"":22.005834,""history_index"":29,""candidate_count"":8,""available"":8},{""x"":15.994445,""y"":22.005834,""history_index"":30,""candidate_count"":7,""available"":7},{""x"":11.894445,""y"":22.005834,""history_index"":31,""candidate_count"":9,""available"":9},{""x"":11.894445,""y"":17.905834,""history_index"":32,""candidate_count"":10,""available"":10},{""x"":11.894445,""y"":13.805834,""history_index"":33,""candidate_count"":8,""available"":8},{""x"":8.343741,""y"":11.755834,""history_index"":34,""candidate_count"":8,""available"":7},{""x"":8.343741,""y"":7.655834,""history_index"":35,""candidate_count"":5,""available"":1},{""x"":6.293741,""y"":4.10513,""history_index"":36,""candidate_count"":5,""available"":2},{""x"":8.18847,""y"":5.199053,""history_index"":43,""candidate_count"":0,""available"":0},{""x"":6.13847,""y"":1.648349,""history_index"":44,""candidate_count"":7,""available"":6}]",22,6,"[{""x"":7.861754,""y"":1.648349,""valid"":true,""deferred"":false,""unknown_disk_area"":35.649298},{""x"":8.389804,""y"":2.948157,""valid"":true,""deferred"":false,""unknown_disk_area"":43.709578},{""x"":6.13847,""y"":5.748349,""valid"":false,""deferred"":false,""unknown_disk_area"":49.591622},{""x"":5.282982,""y"":3.130098,""valid"":true,""deferred"":false,""unknown_disk_area"":44.029476},{""x"":3.435193,""y"":3.209087,""valid"":true,""deferred"":false,""unknown_disk_area"":40.115281},{""x"":2.03847,""y"":1.648349,""valid"":true,""deferred"":false,""unknown_disk_area"":28.759535},{""x"":4.964257,""y"":0.970416,""valid"":true,""deferred"":false,""unknown_disk_area"":29.70176}]",224.728157,34,20,True,35,124,0,3.490784,3.490784,"[[[6.13847,1.648349],[2.695563,2.224511],""goal""]]",0.001541,0,,,goal_reached
