decision,frames,position,action,target,reason,active_branch,parent_branch,eligible_frontiers,estimated_gain,estimated_travel,planned_length,executed_distance,new_free_area,new_wall_fragments,return_trigger,fallback
1,1-3,"(22.409074, 7.376977)",explore,"(22.409074, 3.276977)",observed_frontier_utility,0,,5,8.493879412871332,4.1,4.1,4.1,10.937604,29,,
2,4-6,"(22.409074, 3.276977)",explore,"(18.309074, 3.276977)",observed_frontier_utility,1,0,6,8.21718279710299,4.099999999999998,4.1,4.1,20.165944,29,,
3,7-9,"(18.309074, 3.276977)",explore,"(14.209074, 3.276977)",observed_frontier_utility,2,1,6,6.469054979881081,4.1,4.1,4.1,9.673661,23,,
4,10-12,"(14.209074, 3.276977)",explore,"(11.174015, 5.029269)",observed_frontier_utility,3,2,6,7.8024228043662145,3.504584258443135,3.504584,3.504584,5.987772,18,,
5,13-19,"(11.174015, 5.029269)",retreat,"(18.309074, 3.276977)",nearest_viable_ancestor,4,2,0,,,7.604584,7.604584,0.0,0,occluded_frontier_deferred,False
6,20-22,"(18.309074, 3.276977)",explore,"(18.309074, 7.376977)",observed_frontier_utility,2,1,3,5.556246375779046,4.1,4.1,4.1,9.832251,19,,
7,23-25,"(18.309074, 7.376977)",explore,"(18.309074, 11.476977)",observed_frontier_utility,5,2,4,6.684117847052649,4.1,4.1,4.1,19.220201,26,,
8,26-28,"(18.309074, 11.476977)",explore,"(21.859778, 13.526977)",observed_frontier_utility,6,5,7,14.283862889778788,4.099999999999998,4.1,4.1,13.161708,28,,
9,29-31,"(21.859778, 13.526977)",explore,"(21.859778, 17.626977)",observed_frontier_utility,7,6,5,8.116608530517356,4.100000000000001,4.1,4.1,10.213355,19,,
10,32-34,"(21.859778, 17.626977)",explore,"(21.859778, 21.726977)",observed_frontier_utility,8,7,5,8.958826750455055,4.100000000000001,4.1,4.1,14.109584,32,,
11,35-37,"(21.859778, 21.726977)",explore,"(17.759778, 21.726977)",observed_frontier_utility,9,8,5,4.760685155791195,4.099999999999998,4.1,4.1,9.952664,19,,
12,38-40,"(17.759778, 21.726977)",explore,"(13.659778, 21.726977)",observed_frontier_utility,10,9,4,7.420524054611692,4.1,4.1,4.1,21.425014,30,,
13,41-43,"(13.659778, 21.726977)",explore,"(11.609778, 18.176273)",observed_frontier_utility,11,10,7,10.993831456085482,4.1,4.1,4.1,19.628083,27,,
14,44-46,"(11.609778, 18.176273)",explore,"(11.609778, 14.076273)",observed_frontier_utility,12,11,9,8.341881335499556,4.1,4.1,4.1,13.634452,19,,
15,47-49,"(11.609778, 14.076273)",explore,"(8.059074, 12.026273)",observed_frontier_utility,13,12,6,15.325708727148431,4.099999999999999,4.1,4.1,12.689618,22,,
16,50-52,"(8.059074, 12.026273)",explore,"(8.059074, 7.926273)",observed_frontier_utility,14,13,5,4.756708158517934,4.1,4.1,4.1,9.555412,19,,
17,53-55,"(8.059074, 7.926273)",explore,"(8.059074, 3.826273)",observed_frontier_utility,15,14,5,7.43929015165726,4.1,4.1,4.1,9.621163,19,,
18,56-58,"(8.059074, 3.826273)",explore,"(4.50837, 1.776273)",observed_frontier_utility,16,15,3,9.049277587845049,4.1,4.1,4.1,3.973762,17,,
19,59-61,"(4.50837, 1.776273)",goal,"(2.695563, 2.224511)",known_goal,,,1,,,1.867401,1.867401,0.001225,13,,
