decision,frame_range,position,action,target,reason,parent_position,active_branch,parent_branch,known_free_area,unknown_area,observed_wall_fragments,scan_count,current_candidates,stack_candidate_counts,eligible,estimated_gain,estimated_travel,planned_length,selection_ms,executed_distance,new_free_area,new_wall_fragments,return_trigger
1,1-3,"(27.170154066889793, 27.229054594247398)",explore,"(21.430154066889795, 27.229054594247398)",observed_frontier_utility,,0,,16.24294717485273,883.7570528251473,17,1,"[(24.75614383629997, 28.622784050704944), (21.430154066889795, 27.229054594247398)]",[2],2,14.988295120982965,5.739999999999998,5.739999999999998,1.2158999452367425,5.739999999999998,13.205358,34,
2,4-6,"(21.430154066889795, 27.229054594247398)",explore,"(15.690154066889797, 27.229054594247398)",observed_frontier_utility,"(27.170154066889793, 27.229054594247398)",1,0,29.448305113693717,870.5516948863062,51,2,"[(27.170154066889793, 27.229054594247398), (23.90999896937761, 28.66079371624726), (15.690154066889797, 27.229054594247398), (19.242780674094327, 25.96617397709871)]","[1, 4]",3,18.118740931553198,5.739999999999998,5.740000000000002,4.473299952223897,5.739999999999998,15.297085,27,
3,7-9,"(15.690154066889797, 27.229054594247398)",explore,"(9.950154066889798, 27.229054594247398)",observed_frontier_utility,"(21.430154066889795, 27.229054594247398)",2,1,44.745389791055516,855.2546102089444,78,3,"[(17.387108049833653, 28.20879143310244), (13.519990889485339, 28.481998888907274), (9.950154066889798, 27.229054594247398), (14.170227543391139, 26.351524606756996), (18.297691579508292, 25.723592109415062)]","[1, 2, 5]",5,18.260257700237027,5.739999999999998,5.74,12.883000075817108,5.739999999999998,13.6843,26,
4,10-12,"(9.950154066889798, 27.229054594247398)",explore,"(4.210154066889799, 27.229054594247398)",observed_frontier_utility,"(15.690154066889797, 27.229054594247398)",3,2,58.429690077381885,841.5703099226181,104,4,"[(12.590631647838022, 28.753535036397025), (8.3275005321488, 28.165894049331612), (4.210154066889799, 27.229054594247398), (6.677209261013943, 25.339419029532184)]","[1, 2, 4, 4]",3,11.876281987696498,5.739999999999999,5.739999999999999,19.144900026731193,5.739999999999999,5.28608,30,
5,13-15,"(4.210154066889799, 27.229054594247398)",explore,"(1.6322360379998369, 25.74069292631899)",observed_frontier_utility,"(9.950154066889798, 27.229054594247398)",4,3,63.71577015465082,836.2842298453492,134,5,"[(6.1443357438242625, 28.34575490608715), (2.4432513763298145, 28.24917633827408), (1.7576137354061596, 27.229054594247398), (1.6322360379998369, 25.74069292631899)]","[1, 2, 4, 3, 4]",4,11.386459089558988,2.9767233358568177,2.9767234768731874,15.289300004951656,2.9767233358568177,16.684631,33,
6,16-18,"(1.6322360379998369, 25.74069292631899)",explore,"(3.793332393029606, 21.997564239355512)",observed_frontier_utility,"(4.210154066889799, 27.229054594247398)",5,4,80.40040131306039,819.5995986869397,167,6,"[(3.5573628771628014, 25.74069292631899), (6.144335743824263, 28.34575490608715), (3.219322099782349, 28.4896066213107), (1.6322360379998357, 20.00069292631899), (3.793332393029606, 21.997564239355512), (3.3954414987616497, 24.72270577891154)]","[1, 2, 4, 3, 3, 6]",4,10.351562417016336,4.322192710059546,4.322192803642267,10.622899979352951,4.322192710059546,10.485311,31,
7,19-21,"(3.793332393029606, 21.997564239355512)",explore,"(8.663447690049908, 21.997564239355512)",observed_frontier_utility,"(1.6322360379998369, 25.74069292631899)",6,5,90.88571213389797,809.1142878661024,198,7,"[(8.663447690049908, 21.997564239355512), (6.682482178257444, 23.66561564558595), (4.8854883912429665, 23.889233918052156), (3.793332393029606, 23.949639048317373), (1.619128779029424, 25.7633953648037), (1.2845748236086734, 23.4459960973922), (1.3125974893175214, 21.997564239355512)]","[1, 2, 4, 3, 3, 3, 7]",6,12.655003673523476,4.870115297020302,4.870116000000001,13.400599942542613,4.870115297020302,12.404328,38,
8,22-24,"(8.663447690049908, 21.997564239355512)",explore,"(6.420415537364592, 18.112518587893955)",observed_frontier_utility,"(3.793332393029606, 21.997564239355512)",7,6,103.29004040189837,796.709959598102,236,8,"[(8.663447690049908, 24.489929449121764), (6.5667050320887865, 25.629229053341188), (5.380662672943888, 23.892881052673346), (2.923447690049909, 21.997564239355512), (6.615664200630514, 20.815275890497155), (6.420415537364592, 18.112518587893955)]","[1, 2, 4, 3, 3, 3, 5, 6]",5,10.684776591978626,4.48606430537063,4.48606366484572,15.922000049613416,4.48606430537063,10.274819,28,
9,25-27,"(6.420415537364592, 18.112518587893955)",explore,"(12.160415537364592, 18.112518587893955)",observed_frontier_utility,"(8.663447690049908, 21.997564239355512)",8,7,113.56485907016348,786.4351409298365,264,9,"[(12.160415537364592, 18.112518587893955), (8.43648379438355, 19.27649613878851), (8.788804213640304, 22.214688107274284), (7.440927924906108, 16.344939282918624), (9.160467351107073, 16.53054893563621)]","[1, 2, 4, 3, 3, 3, 5, 4, 5]",3,11.944564729261625,5.74,5.739999999999999,17.609599977731705,5.74,10.93297,36,
10,28-30,"(12.160415537364592, 18.112518587893955)",explore,"(12.16041553736459, 12.372518587893957)",observed_frontier_utility,"(6.420415537364592, 18.112518587893955)",9,8,124.49782877697386,775.502171223026,300,10,"[(6.490651093623382, 18.112518587893955), (9.418988496348451, 16.529754947799567), (11.2536547748626, 16.541962876930608), (12.16041553736459, 12.372518587893957), (13.455875699619579, 15.868715767686894)]","[1, 2, 4, 3, 3, 3, 5, 4, 3, 5]",1,5.1739280670246055,5.739999999999998,5.739999999999998,19.380200072191656,5.739999999999998,11.353167,24,
11,31-33,"(12.16041553736459, 12.372518587893957)",explore,"(17.90041553736459, 12.372518587893957)",observed_frontier_utility,"(12.160415537364592, 18.112518587893955)",10,9,135.85099580978135,764.1490041902184,324,11,"[(17.90041553736459, 12.372518587893957), (14.602271874175997, 13.782325001274415), (13.373984910199054, 14.474482400152745)]","[1, 2, 4, 3, 3, 3, 5, 4, 3, 3, 3]",2,21.986094192525513,5.74,5.74,20.51599998958409,5.74,20.038282,36,
12,34-36,"(17.90041553736459, 12.372518587893957)",explore,"(17.90041553736459, 18.112518587893955)",observed_frontier_utility,"(12.16041553736459, 12.372518587893957)",11,10,155.88927759921182,744.1107224007877,360,12,"[(23.64041553736459, 12.372518587893957), (20.082990188212165, 13.632628650087256), (17.90041553736459, 18.112518587893955), (16.440135943001536, 14.901797038586837), (15.520779270671648, 13.746402227042525)]","[1, 2, 4, 3, 3, 3, 5, 4, 3, 3, 2, 5]",5,6.736654586728794,5.739999999999998,5.739999999999998,23.278800072148442,5.739999999999998,10.383049,26,
13,37-39,"(17.90041553736459, 18.112518587893955)",explore,"(23.31796839938248, 18.112518587893955)",observed_frontier_utility,"(17.90041553736459, 12.372518587893957)",12,11,166.27232631136178,733.7276736886375,386,13,"[(23.31796839938248, 18.112518587893955), (16.48875152975124, 15.667444803491339), (18.78570790335707, 16.579147230442118), (20.55783262914685, 16.578258114604356)]","[1, 2, 4, 3, 3, 3, 5, 4, 3, 3, 2, 4, 4]",4,5.178843754876219,5.417552862017889,5.417552000000001,23.140300065279007,5.417552862017889,7.626734,24,
14,40-42,"(23.31796839938248, 18.112518587893955)",explore,"(20.447968399382482, 23.083504405616633)",observed_frontier_utility,"(17.90041553736459, 18.112518587893955)",13,12,173.8990599315773,726.100940068423,410,14,"[(20.447968399382482, 23.083504405616633), (21.135837598212806, 19.37237239335624), (17.57796839938248, 18.112518587893955), (20.64829737713941, 16.571183304554175)]","[1, 2, 4, 3, 3, 3, 5, 4, 3, 3, 2, 4, 3, 4]",3,18.75515265496209,5.739999999999998,5.739999291831405,33.689199946820736,5.739999999999998,25.573225,31,
15,43-45,"(20.447968399382482, 23.083504405616633)",explore,"(26.18796839938248, 23.083504405616633)",observed_frontier_utility,"(23.31796839938248, 18.112518587893955)",14,13,199.47228542555305,700.5277145744468,441,15,"[(26.18796839938248, 23.083504405616633), (14.707968399382484, 23.083504405616633), (17.286980909678835, 21.258507427531192), (19.583398653880256, 21.58602567971988), (23.778702961634075, 21.160503909501486)]","[1, 2, 4, 3, 3, 3, 5, 4, 3, 3, 2, 4, 3, 2, 5]",4,17.846008889089845,5.739999999999998,5.740000000000002,28.816799982450902,5.739999999999998,10.675598,28,
16,46-48,"(26.18796839938248, 23.083504405616633)",explore,"(28.74403542951253, 18.65626644187969)",observed_frontier_utility,"(20.447968399382482, 23.083504405616633)",15,14,210.14788326231744,689.8521167376826,469,16,"[(28.680053287790596, 23.083504405616633), (21.216982581659803, 20.213504405616632), (25.140139443372473, 21.268611416165445), (26.18796839938248, 21.389749271723698), (28.74403542951253, 18.65626644187969), (28.641073975504565, 21.66720324089198)]","[1, 2, 4, 3, 3, 3, 5, 4, 3, 3, 2, 4, 3, 2, 3, 6]",3,17.781495004649045,5.1121340602601055,5.112134076599813,148.9922000328079,5.1121340602601055,13.51863,26,
17,49-51,"(28.74403542951253, 18.65626644187969)",explore,"(28.74403542951253, 13.540211487438722)",observed_frontier_utility,"(26.18796839938248, 23.083504405616633)",16,15,223.66651368981982,676.3334863101805,495,17,"[(26.077190693321526, 23.275377020860134), (26.768098033761405, 19.79707442921845), (26.85171331804622, 18.65626644187969), (26.87671768877699, 17.57817004160346), (26.81194404712184, 15.309786002713032), (28.74403542951253, 13.540211487438722)]","[1, 2, 4, 3, 3, 3, 5, 4, 3, 3, 2, 4, 3, 2, 3, 4, 6]",4,5.70791053156612,5.116054954440969,5.116054999999999,168.5122000053525,5.116054954440969,5.942966,26,
18,52-54,"(28.74403542951253, 13.540211487438722)",explore,"(26.633119566525643, 9.883997962242333)",observed_frontier_utility,"(28.74403542951253, 18.65626644187969)",17,16,229.60947941454734,670.3905205854513,521,18,"[(28.74403542951253, 19.052048384311853), (26.84210010354835, 16.834460104718755), (26.819318547327242, 14.651447297482214), (26.623307870877944, 13.540211487438722), (26.36788114966066, 12.168338174330165), (26.633119566525643, 9.883997962242333)]","[1, 2, 4, 3, 3, 3, 5, 4, 3, 3, 2, 4, 3, 2, 3, 4, 4, 6]",5,16.884285886045866,4.221831725973772,4.22183083964694,146.8046000227332,4.221831725973772,11.752014,24,
19,55-57,"(26.633119566525643, 9.883997962242333)",explore,"(26.633119566525643, 4.1439979622423335)",observed_frontier_utility,"(28.74403542951253, 13.540211487438722)",18,17,241.361493201858,658.6385067981415,545,19,"[(28.50742115936962, 9.883997962242333), (28.42407443753699, 10.918006239127205), (28.74576075031191, 13.543199830722605), (26.633119566525643, 13.897418444677989), (26.633119566525643, 4.1439979622423335), (28.455577630735604, 6.727408000367051), (28.53917624984461, 8.783535623037444)]","[1, 2, 4, 3, 3, 3, 5, 4, 3, 3, 2, 4, 3, 2, 3, 4, 4, 4, 7]",5,18.19186752872396,5.739999999999999,5.74,207.2325999615714,5.739999999999999,4.825314,27,
20,58-60,"(26.633119566525643, 4.1439979622423335)",explore,"(26.633119566525643, 1.2917601840271948)",observed_frontier_utility,"(26.633119566525643, 9.883997962242333)",19,18,246.1868074949718,653.8131925050276,572,20,"[(28.341989441763562, 4.1439979622423335), (28.407749019735917, 5.168580754765124), (28.429625172412106, 7.255636947719995), (26.633119566525643, 1.2917601840271948), (27.96785756572942, 1.8321639328285602), (28.278390537146862, 3.1941003244642965)]","[1, 2, 4, 3, 3, 3, 5, 4, 3, 3, 2, 4, 3, 2, 3, 4, 4, 4, 5, 6]",5,7.492183298419137,2.8522377782151387,2.852238,153.35400006733835,2.8522377782151387,14.020677,34,
21,61-63,"(26.633119566525643, 1.2917601840271948)",explore,"(22.899571841343686, 1.2917601840271953)",observed_frontier_utility,"(26.633119566525643, 4.1439979622423335)",20,19,260.2074849851816,639.7925150148188,606,21,"[(28.185366050000084, 2.1879501091098144), (28.41768528564083, 4.382718678980386), (26.633119566525643, 7.031760184027194), (25.597643239657213, 3.0852577921981177), (21.727114376070794, 4.124243601382005), (22.899571841343686, 1.2917601840271953)]","[1, 2, 4, 3, 3, 3, 5, 4, 3, 3, 2, 4, 3, 2, 3, 4, 4, 4, 5, 4, 6]",2,11.275918639355066,3.733547725181957,3.7335480000000025,167.38490003626794,3.733547725181957,14.397286,37,
22,64-66,"(22.899571841343686, 1.2917601840271953)",explore,"(18.266520060664167, 3.9666538767719937)",observed_frontier_utility,"(26.633119566525643, 1.2917601840271948)",21,20,274.60477065909436,625.3952293409069,643,22,"[(27.03452379814163, 1.2917601840271953), (27.870557659066364, 4.1617601840271945), (23.938359995945547, 3.090994046098333), (22.899571841343686, 7.031760184027195), (21.495327807825085, 3.723982196306871), (18.266520060664167, 3.9666538767719937)]","[1, 2, 4, 3, 3, 3, 5, 4, 3, 3, 2, 4, 3, 2, 3, 4, 4, 4, 5, 4, 4, 6]",4,15.172933100083835,5.349787385489592,5.349787729054302,211.4648000570014,5.349787385489592,13.344058,23,
23,67-69,"(18.266520060664167, 3.9666538767719937)",explore,"(14.145120852414681, 1.587162934451242)",observed_frontier_utility,"(22.899571841343686, 1.2917601840271953)",22,21,287.94882905992574,612.0511709400739,666,23,"[(20.551715360478276, 3.9666538767719937), (14.145120852414681, 1.587162934451242), (17.05639308060551, 1.8706524637005133), (18.266520060664167, 1.9795319424108837), (19.34071026894521, 2.106101859036234), (22.98807539371385, 1.2406626342420477)]","[1, 2, 4, 3, 3, 3, 5, 4, 3, 3, 2, 4, 3, 2, 3, 4, 4, 4, 5, 4, 4, 3, 6]",5,15.816825203499457,4.758981884641503,4.758981733131784,217.3588000005111,4.758981884641503,9.476518,20,
24,70-72,"(14.145120852414681, 1.587162934451242)",explore,"(10.20263820361528, 3.8633563530110067)",observed_frontier_utility,"(18.266520060664167, 3.9666538767719937)",23,22,297.4253466433469,602.5746533566535,686,24,"[(18.334323543336613, 4.005800235744923), (15.37639728073255, 3.7197962664597317), (14.145120852414681, 3.618628468873174), (13.11060536917332, 3.3789963126419487), (10.20263820361528, 3.8633563530110067), (10.909165566702402, 1.5871629344512423)]","[1, 2, 4, 3, 3, 3, 5, 4, 3, 3, 2, 4, 3, 2, 3, 4, 4, 4, 5, 4, 4, 3, 4, 6]",5,8.11545859760942,4.552386837119528,4.552386931988316,252.54080002196133,4.552386837119528,2.081882,18,
25,73-81,"(10.20263820361528, 3.8633563530110067)",recover,"(22.899571841343686, 1.2917601840271953)",nearest_viable_ancestor,"(14.145120852414681, 1.587162934451242)",24,23,299.50722894332046,600.4927710566805,704,25,"[(7.140689134143132, 3.863356353011007), (6.9070263035747015, 1.960633935378044), (9.09312249530001, 1.9416187744131919), (10.20263820361528, 1.7947459861928783), (11.552226811926133, 1.5258003141004317), (14.085244254351583, 1.6217327044611345)]","[1, 2, 4, 3, 3, 3, 5, 4, 3, 3, 2, 4, 3, 2, 3, 4, 4, 4, 5, 4, 4, 3, 4, 4, 6]",0,,,,296.5161999454722,14.661156107250623,0.0,0,occluded_frontier_deferred
26,82-84,"(22.899571841343686, 1.2917601840271953)",explore,"(22.899571841343686, 7.031760184027195)",observed_frontier_utility,"(26.633119566525643, 1.2917601840271948)",21,20,299.5072289433203,600.4927710566808,704,25,"[(23.938359995945547, 3.090994046098333), (22.899571841343686, 7.031760184027195), (21.495327807825085, 3.723982196306871), (20.551715360478276, 3.9666538767719937), (17.05639308060551, 1.8706524637005133), (18.266520060664167, 1.9795319424108837), (19.34071026894521, 2.106101859036234), (15.37639728073255, 3.7197962664597317), (14.145120852414681, 3.618628468873174), (13.11060536917332, 3.3789963126419487), (10.909165566702402, 1.5871629344512423), (7.140689134143132, 3.863356353011007), (6.9070263035747015, 1.960633935378044), (9.09312249530001, 1.9416187744131919), (10.20263820361528, 1.7947459861928783), (11.552226811926133, 1.5258003141004317)]","[1, 2, 4, 3, 3, 3, 5, 4, 3, 3, 2, 4, 3, 2, 3, 4, 4, 4, 5, 4, 4, 16]",1,13.048774157233584,5.739999999999999,5.74,4.438200034201145,5.739999999999999,17.224823,39,
27,85-87,"(22.899571841343686, 7.031760184027195)",explore,"(17.159571841343688, 7.0317601840271955)",observed_frontier_utility,"(22.899571841343686, 1.2917601840271953)",25,21,316.7320523829782,583.2679476170206,743,26,"[(22.899571841343686, 12.771760184027194), (21.124076787836856, 10.107007825288246), (20.989276756569428, 8.134669565453233), (17.159571841343688, 7.0317601840271955), (21.228529181491407, 6.066983254534132), (21.605534677195624, 4.790422068840405), (22.899571841343686, 1.369088702344638)]","[1, 2, 4, 3, 3, 3, 5, 4, 3, 3, 2, 4, 3, 2, 3, 4, 4, 4, 5, 4, 4, 15, 7]",6,9.794221260709369,5.739999999999998,5.739999999999998,218.41880003921688,5.739999999999998,10.9761,27,
28,88-90,"(17.159571841343688, 7.0317601840271955)",explore,"(11.41957184134369, 7.031760184027196)",observed_frontier_utility,"(22.899571841343686, 7.031760184027195)",26,25,327.708152248459,572.2918477515403,770,27,"[(18.739446953367434, 7.943901505240096), (14.82863441757707, 8.377527533103027), (11.41957184134369, 7.031760184027196), (19.339574890517092, 5.773134836752727)]","[1, 2, 4, 3, 3, 3, 5, 4, 3, 3, 2, 4, 3, 2, 3, 4, 4, 4, 5, 4, 4, 15, 5, 4]",4,12.077313239586392,5.739999999999998,5.74,348.99440000299364,5.739999999999998,12.176558,23,
29,91-93,"(11.41957184134369, 7.031760184027196)",explore,"(5.67957184134369, 7.031760184027197)",observed_frontier_utility,"(17.159571841343688, 7.0317601840271955)",27,26,339.884710136419,560.1152898635809,793,28,"[(13.839423131952962, 8.428861978059324), (12.298422026274377, 8.553973356568452), (10.540329159326763, 8.554653181463639), (8.80867536614315, 8.539161966810473), (5.67957184134369, 7.031760184027197)]","[1, 2, 4, 3, 3, 3, 5, 4, 3, 3, 2, 4, 3, 2, 3, 4, 4, 4, 5, 4, 4, 15, 5, 3, 5]",5,13.986863747907012,5.739999999999999,5.74,250.2662999322638,5.739999999999999,5.789324,23,
30,94-96,"(5.67957184134369, 7.031760184027197)",explore,"(1.449613493104195, 7.031760184027198)",observed_frontier_utility,"(11.41957184134369, 7.031760184027196)",28,27,345.67403447290246,554.3259655270964,816,29,"[(8.253761218938122, 8.517969114126418), (6.639802218282411, 8.694927983856076), (5.67957184134369, 8.851991801314512), (4.532048208547934, 9.019329418915458), (2.8002744821246903, 8.694123289449267), (1.449613493104195, 7.031760184027198)]","[1, 2, 4, 3, 3, 3, 5, 4, 3, 3, 2, 4, 3, 2, 3, 4, 4, 4, 5, 4, 4, 15, 5, 3, 4, 6]",6,8.4754421014938,4.229958348239495,4.229959,322.3234999459237,4.229958348239495,11.308823,24,
31,97-99,"(1.449613493104195, 7.031760184027198)",goal,"(2.7521716180848577, 2.1472916854078976)",known_goal,"(5.67957184134369, 7.031760184027197)",29,28,356.9828570143868,543.0171429856142,840,30,"[(7.189613493104194, 7.031760184027198), (4.861266588780014, 9.001479017197251), (2.3357724909207436, 8.566632591829777), (1.4496134931041944, 2.9052022134866), (2.9853261583342796, 4.371827822021673), (3.033708459052094, 6.117182529015248)]","[1, 2, 4, 3, 3, 3, 5, 4, 3, 3, 2, 4, 3, 2, 3, 4, 4, 4, 5, 4, 4, 15, 5, 3, 4, 5, 6]",1,,,5.055164447523444,0.039899954572319984,5.0551647038407586,0.000935,19,
