return_number,start_frame,end_frame,anchor_x,anchor_y,entry_length,executed_retreat_length,astar_route_length,same_graph_dijkstra_cost,fallback,trigger,certified,next_explore_x,next_explore_y
1,22,25,17.489416,15.822843,2.909624,2.909624,2.909624,2.909624,False,exhausted_branch,True,16.32521,17.839307
2,30,33,17.489416,15.822843,2.328412,2.328412,2.328412,2.328412,False,exhausted_branch,True,18.510228,17.590941
3,38,41,17.489416,15.822843,2.041624,2.041624,2.041624,2.041624,False,exhausted_branch,True,16.217601,16.557126
4,46,49,17.489416,15.822843,1.468565,1.468565,1.468566,1.468566,False,exhausted_branch,True,16.192061,15.073814
5,54,57,17.489416,15.822843,1.498057,1.498057,1.498057,1.498057,False,exhausted_branch,True,16.152915,13.507955
6,62,65,17.489416,15.822843,2.673003,2.673003,2.673002,2.673002,False,exhausted_branch,True,18.474707,14.116269
7,70,73,17.489416,11.722843,31.909153,2.588298,2.588298,2.588298,False,exhausted_branch,True,16.452211,9.926351
8,78,81,17.489416,11.722843,2.074411,2.074411,2.074410,2.074410,False,exhausted_branch,True,21.04012,13.772843
9,131,134,8.18847,5.199053,3.441544,3.441544,3.441544,3.441544,False,exhausted_branch,True,6.181195,6.357954
10,139,142,8.18847,5.199053,2.317802,2.317802,2.317802,2.317802,False,exhausted_branch,True,8.18847,9.299053
11,147,150,8.18847,5.199053,4.100000,4.100000,4.100000,4.100000,False,exhausted_branch,True,6.13847,1.648349
