frame,branch,parent,trigger,entry_length,astar_route_length,executed_return_length,fallback,bound_verified,next_sibling
45,11,10,exhausted_branch,3.273487,3.273487,3.273487,False,True,12
59,13,12,exhausted_branch,4.100000,4.100000,4.100000,False,True,14
73,15,14,exhausted_branch,4.100000,4.100000,4.100000,False,True,16
83,16,14,exhausted_branch,4.100000,4.100000,4.100000,False,True,17
97,18,17,exhausted_branch,4.100000,4.100000,4.100000,False,True,19
119,22,21,exhausted_branch,4.100000,4.100000,4.100000,False,True,23
133,24,23,exhausted_branch,4.100000,4.100000,4.100000,False,True,25
147,26,25,exhausted_branch,4.100000,4.100000,4.100000,False,True,27
165,29,28,exhausted_branch,4.100000,4.100000,4.100000,False,True,30
175,30,28,exhausted_branch,1.629254,1.629255,1.629254,False,True,31
185,31,23,exhausted_branch,30.323188,6.147460,6.147460,False,True,32
