scenario,radius,success,status,executed_distance,turn_count,astar_expanded_nodes,replanning_count,planning_time_ms,gate_entry_length,gate_retreat_length,gate_retreat_ratio,gate_bound_verified,gate_entries,gate_exits,bar_evaluation_status,astar_retreat_count,fallback_retreat_count,full_map_shortest_distance,online_excess_distance
alley_reachable,1,True,goal_reached,31,4,65,26,0.254,7,7,1.0,True,1,1,certified,1,0,17.0,14.0
alley_reachable,2,True,goal_reached,31,4,68,26,0.144,7,7,1.0,True,1,1,certified,1,0,17.0,14.0
alley_reachable,3,True,goal_reached,31,4,71,26,0.147,7,7,1.0,True,1,1,certified,1,0,17.0,14.0
alley_turn,1,True,goal_reached,41,8,85,34,0.183,9,9,1.0,True,1,1,certified,1,0,23.0,18.0
alley_turn,2,True,goal_reached,41,8,86,34,0.167,9,9,1.0,True,1,1,certified,1,0,23.0,18.0
alley_turn,3,True,goal_reached,41,8,94,34,0.184,9,9,1.0,True,1,1,certified,1,0,23.0,18.0
alley_shortcut,1,True,goal_reached,45,9,120,39,0.181,20,8,0.4,True,1,1,certified,1,0,17.0,28.0
alley_shortcut,2,True,goal_reached,35,8,88,29,0.139,10,8,0.8,True,1,1,certified,1,0,17.0,18.0
alley_shortcut,3,True,goal_reached,35,8,95,29,0.124,10,8,0.8,True,1,1,certified,1,0,17.0,18.0
wide_mouth_alley,1,True,goal_reached,33,5,66,33,0.136,,,,,1,1,uncertified_exit,0,0,19.0,14.0
wide_mouth_alley,2,True,goal_reached,37,8,127,37,0.188,,,,,1,1,uncertified_exit,0,0,19.0,18.0
wide_mouth_alley,3,True,goal_reached,37,8,138,37,0.179,,,,,1,1,uncertified_exit,0,0,19.0,18.0
open_route,1,True,goal_reached,8,0,16,8,0.024,,,,,0,0,no_gate,0,0,8.0,0.0
open_route,2,True,goal_reached,8,0,23,8,0.027,,,,,0,0,no_gate,0,0,8.0,0.0
open_route,3,True,goal_reached,8,0,29,8,0.027,,,,,0,0,no_gate,0,0,8.0,0.0
unreachable,1,False,no_reachable_frontier,5,2,11,5,0.018,,,,,0,0,no_gate,0,0,,
unreachable,2,False,no_reachable_frontier,4,2,13,4,0.014,,,,,0,0,no_gate,0,0,,
unreachable,3,False,no_reachable_frontier,3,1,13,3,0.01,,,,,0,0,no_gate,0,0,,
