case,radius,variant,status,success,executed_distance,astar_calls,expanded_nodes,returns,equivalent_to_full,full_reconstructions,incremental_updates,frontier_calls,score_calls,score_cache_hits,mean_eligible_candidates,frontier_total_ms,frontier_mean_ms,frontier_p95_ms,update_total_ms,update_mean_ms,update_p95_ms,ranking_ms,wall_ms,wall_mask_wkb_bytes
lab23,5,full,goal_reached,True,78.576569,19,39,1,True,17,0,17,367,219,4.842,170.917,10.054,18.919,0,0,0.0,243.56,466.491,9
lab23,5,cached,goal_reached,True,78.576569,19,39,1,True,0,19,17,367,219,4.842,16.413,0.965,1.794,23.918,1.259,1.672,89.816,344.1,44208
lab23,7,full,goal_reached,True,139.928095,24,49,2,True,21,0,21,351,219,3.375,439.04,20.907,37.613,0,0,0.0,538.438,971.263,9
lab23,7,cached,goal_reached,True,139.928095,24,49,2,True,0,23,21,351,219,3.375,29.718,1.415,2.508,42.122,1.831,2.787,121.567,581.747,59211
lab17,5,full,goal_reached,True,82.600494,19,40,1,True,17,0,17,408,241,5.158,197.625,11.625,23.743,0,0,0.0,296.373,552.495,9
lab17,5,cached,goal_reached,True,82.600494,19,40,1,True,0,19,17,408,241,5.158,15.981,0.94,1.548,25.035,1.318,1.729,98.326,350.696,42800
lab17,7,full,goal_reached,True,100.627139,19,38,0,True,18,0,18,265,166,3.947,455.209,25.289,75.92,0,0,0.0,544.096,980.128,9
lab17,7,cached,goal_reached,True,100.627139,19,38,0,True,0,20,18,265,166,3.947,21.546,1.197,2.016,36.36,1.818,2.378,82.52,450.234,52775
lab_complex,5,full,goal_reached,True,236.463271,47,111,4,True,42,0,42,1021,597,3.787,1265.429,30.129,63.372,0,0,0.0,1640.398,2658.636,9
lab_complex,5,cached,goal_reached,True,236.463271,47,111,4,True,0,44,42,1021,597,3.787,80.132,1.908,3.08,77.044,1.751,2.549,394.652,1352.358,84709
lab_complex,7,full,goal_reached,True,167.81589,31,64,1,True,29,0,29,415,273,3.71,2812.973,96.999,237.387,0,0,0.0,2930.669,3484.442,9
lab_complex,7,cached,goal_reached,True,167.81589,31,64,1,True,0,31,29,415,273,3.71,54.299,1.872,3.158,62.471,2.015,2.871,161.595,782.06,83918
lab2026,5,full,goal_reached,True,91.583896,24,48,2,True,21,0,21,478,291,5.125,252.111,12.005,24.877,0,0,0.0,357.838,642.152,9
lab2026,5,cached,goal_reached,True,91.583896,24,48,2,True,0,23,21,478,291,5.125,23.951,1.141,1.894,31.442,1.367,1.643,126.635,445.628,49313
lab2026,7,full,goal_reached,True,77.364098,14,28,0,True,13,0,13,212,135,4.429,118.485,9.114,17.016,0,0,0.0,160.562,350.926,9
lab2026,7,cached,goal_reached,True,77.364098,14,28,0,True,0,15,13,212,135,4.429,12.889,0.991,1.783,26.115,1.741,3.674,56.478,293.669,50196
indoor_apartment,5,full,goal_reached,True,137.26791,35,72,4,True,30,0,30,264,56,5.2,87.267,2.909,6.196,0,0,0.0,204.993,451.42,9
indoor_apartment,5,cached,goal_reached,True,137.26791,35,72,4,True,0,32,30,264,56,5.2,19.8,0.66,1.663,16.148,0.505,0.88,153.768,433.631,32758
indoor_apartment,7,full,goal_reached,True,147.859311,30,64,4,True,25,0,25,308,87,4.567,107.097,4.284,8.824,0,0,0.0,224.199,441.397,9
indoor_apartment,7,cached,goal_reached,True,147.859311,30,64,4,True,0,27,25,308,87,4.567,15.36,0.614,1.289,13.851,0.513,0.893,130.605,369.176,32044
indoor_office,5,full,goal_reached,True,122.017606,32,64,2,True,29,0,29,249,38,6,70.355,2.426,4.757,0,0,0.0,172.886,370.361,9
indoor_office,5,cached,goal_reached,True,122.017606,32,64,2,True,0,31,29,249,38,6,16.054,0.554,1.122,13.701,0.442,0.877,116.354,331.584,39165
indoor_office,7,full,goal_reached,True,238.537049,48,96,3,True,44,0,44,340,59,5.083,297.814,6.768,14.96,0,0,0.0,474.223,872.147,9
indoor_office,7,cached,goal_reached,True,238.537049,48,96,3,True,0,46,44,340,59,5.083,36.844,0.837,1.608,30.051,0.653,1.158,222.84,702.87,54441
indoor_challenge,5,full,goal_reached,True,94.643529,23,46,0,True,22,0,22,215,22,7,44.008,2.0,4.225,0,0,0.0,128.322,265.988,9
indoor_challenge,5,cached,goal_reached,True,94.643529,23,46,0,True,0,24,22,215,22,7,12.708,0.578,0.967,10.954,0.456,0.77,104.683,264.922,32972
indoor_challenge,7,full,goal_reached,True,109.168322,21,42,0,True,20,0,20,153,20,5.762,61.25,3.063,5.428,0,0,0.0,125.359,253.037,9
indoor_challenge,7,cached,goal_reached,True,109.168322,21,42,0,True,0,22,20,153,20,5.762,11.687,0.584,0.985,11.952,0.543,0.878,82.303,239.765,34665
heldout_41,5,full,goal_reached,True,111.527241,22,48,2,True,19,0,19,662,389,6.045,209.864,11.045,20.341,0,0,0.0,376.569,691.239,9
heldout_41,5,cached,goal_reached,True,111.527241,22,48,2,True,0,21,19,662,389,6.045,23.643,1.244,1.958,30.254,1.441,1.904,190.113,537.701,54096
heldout_41,7,full,goal_reached,True,117.388675,20,40,2,True,17,0,17,372,232,4.45,287.961,16.939,29.654,0,0,0.0,381.568,750.01,9
heldout_41,7,cached,goal_reached,True,117.388675,20,40,2,True,0,19,17,372,232,4.45,24.516,1.442,2.373,39.416,2.075,3.222,117.598,524.439,57914
heldout_73,5,full,goal_reached,True,105.534368,23,48,1,True,21,0,21,557,313,5.043,227.012,10.81,20.774,0,0,0.0,363.206,645.414,9
heldout_73,5,cached,goal_reached,True,105.534368,23,48,1,True,0,23,21,557,313,5.043,22.644,1.078,1.911,28.779,1.251,1.848,154.133,467.697,46033
heldout_73,7,full,goal_reached,True,126.891945,23,47,3,True,19,0,19,373,230,3.565,281.439,14.813,38.931,0,0,0.0,387.42,804.811,9
heldout_73,7,cached,goal_reached,True,126.891945,23,47,3,True,0,21,19,373,230,3.565,24.56,1.293,2.752,36.109,1.719,2.294,136.417,632.269,53159
heldout_911,5,full,goal_reached,True,78.596514,19,38,1,True,17,0,17,348,211,4.842,143.773,8.457,16.629,0,0,0.0,204.377,394.835,9
heldout_911,5,cached,goal_reached,True,78.596514,19,38,1,True,0,19,17,348,211,4.842,15.15,0.891,2.511,22.818,1.201,1.758,77.653,299.767,42077
heldout_911,7,full,goal_reached,True,103.407569,18,37,1,True,16,0,16,284,181,4.222,193.603,12.1,23.205,0,0,0.0,250.305,518.694,9
heldout_911,7,cached,goal_reached,True,103.407569,18,37,1,True,0,18,16,284,181,4.222,16.684,1.043,2.02,27.679,1.538,2.238,74.029,381.246,42503
